frame,gpu_duration_ticks,frequency_hz,gpu_render_interval_ms
1,175704,100000000,1.757040000
2,173168,100000000,1.731680000
3,335848,100000000,3.358480000
4,173660,100000000,1.736600000
5,168668,100000000,1.686680000
6,167912,100000000,1.679120000
7,171108,100000000,1.711080000
8,169728,100000000,1.697280000
9,168860,100000000,1.688600000
10,172680,100000000,1.726800000
11,167668,100000000,1.676680000
12,167020,100000000,1.670200000
13,166952,100000000,1.669520000
14,165608,100000000,1.656080000
15,168944,100000000,1.689440000
16,163760,100000000,1.637600000
17,169164,100000000,1.691640000
18,177764,100000000,1.777640000
19,167632,100000000,1.676320000
20,164636,100000000,1.646360000
21,169256,100000000,1.692560000
22,168016,100000000,1.680160000
23,176088,100000000,1.760880000
24,169752,100000000,1.697520000
25,166432,100000000,1.664320000
26,163140,100000000,1.631400000
27,168956,100000000,1.689560000
28,166068,100000000,1.660680000
29,168772,100000000,1.687720000
30,164196,100000000,1.641960000
31,166168,100000000,1.661680000
32,168472,100000000,1.684720000
33,169000,100000000,1.690000000
34,168956,100000000,1.689560000
35,161876,100000000,1.618760000
36,167900,100000000,1.679000000
37,162828,100000000,1.628280000
38,167352,100000000,1.673520000
39,164292,100000000,1.642920000
40,164576,100000000,1.645760000
41,165568,100000000,1.655680000
42,173768,100000000,1.737680000
43,166692,100000000,1.666920000
44,164992,100000000,1.649920000
45,163604,100000000,1.636040000
46,165272,100000000,1.652720000
47,166632,100000000,1.666320000
48,568168,100000000,5.681680000
49,168160,100000000,1.681600000
50,166120,100000000,1.661200000
51,168020,100000000,1.680200000
52,164776,100000000,1.647760000
53,171144,100000000,1.711440000
54,167652,100000000,1.676520000
55,167840,100000000,1.678400000
56,166440,100000000,1.664400000
57,168604,100000000,1.686040000
58,167376,100000000,1.673760000
59,165952,100000000,1.659520000
60,166336,100000000,1.663360000
61,166740,100000000,1.667400000
62,166924,100000000,1.669240000
63,164296,100000000,1.642960000
64,169732,100000000,1.697320000
65,168256,100000000,1.682560000
66,165148,100000000,1.651480000
67,438704,100000000,4.387040000
68,323688,100000000,3.236880000
69,171296,100000000,1.712960000
70,172464,100000000,1.724640000
71,276336,100000000,2.763360000
72,167200,100000000,1.672000000
73,168020,100000000,1.680200000
74,164660,100000000,1.646600000
75,170432,100000000,1.704320000
76,165608,100000000,1.656080000
77,168724,100000000,1.687240000
78,168064,100000000,1.680640000
79,168204,100000000,1.682040000
80,176148,100000000,1.761480000
81,164468,100000000,1.644680000
82,341344,100000000,3.413440000
83,163976,100000000,1.639760000
84,173608,100000000,1.736080000
85,370240,100000000,3.702400000
86,164200,100000000,1.642000000
87,163732,100000000,1.637320000
88,166432,100000000,1.664320000
89,166924,100000000,1.669240000
90,168220,100000000,1.682200000
91,164488,100000000,1.644880000
92,164332,100000000,1.643320000
93,170752,100000000,1.707520000
94,231504,100000000,2.315040000
95,169740,100000000,1.697400000
96,168500,100000000,1.685000000
97,178604,100000000,1.786040000
98,222380,100000000,2.223800000
99,177780,100000000,1.777800000
100,270156,100000000,2.701560000
101,165648,100000000,1.656480000
102,168216,100000000,1.682160000
103,170236,100000000,1.702360000
104,172756,100000000,1.727560000
105,165864,100000000,1.658640000
106,168640,100000000,1.686400000
107,171284,100000000,1.712840000
108,168056,100000000,1.680560000
109,168288,100000000,1.682880000
110,173320,100000000,1.733200000
111,166496,100000000,1.664960000
112,167360,100000000,1.673600000
113,165168,100000000,1.651680000
114,166232,100000000,1.662320000
115,166508,100000000,1.665080000
116,170212,100000000,1.702120000
117,165128,100000000,1.651280000
118,165244,100000000,1.652440000
119,167160,100000000,1.671600000
120,161852,100000000,1.618520000
121,167552,100000000,1.675520000
122,168464,100000000,1.684640000
123,163416,100000000,1.634160000
124,169516,100000000,1.695160000
125,206040,100000000,2.060400000
126,164872,100000000,1.648720000
127,166464,100000000,1.664640000
128,179900,100000000,1.799000000
129,166452,100000000,1.664520000
130,164112,100000000,1.641120000
131,167484,100000000,1.674840000
132,348624,100000000,3.486240000
133,172472,100000000,1.724720000
134,546072,100000000,5.460720000
135,168624,100000000,1.686240000
136,168076,100000000,1.680760000
137,188072,100000000,1.880720000
138,173248,100000000,1.732480000
139,170552,100000000,1.705520000
140,169704,100000000,1.697040000
141,168236,100000000,1.682360000
142,171684,100000000,1.716840000
143,168008,100000000,1.680080000
144,182116,100000000,1.821160000
145,167964,100000000,1.679640000
146,167836,100000000,1.678360000
147,167744,100000000,1.677440000
148,165804,100000000,1.658040000
149,170824,100000000,1.708240000
150,340700,100000000,3.407000000
151,168324,100000000,1.683240000
152,162992,100000000,1.629920000
153,161876,100000000,1.618760000
154,276212,100000000,2.762120000
155,168008,100000000,1.680080000
156,168796,100000000,1.687960000
157,172588,100000000,1.725880000
158,169392,100000000,1.693920000
159,166524,100000000,1.665240000
160,165856,100000000,1.658560000
161,163384,100000000,1.633840000
162,167568,100000000,1.675680000
163,175928,100000000,1.759280000
164,167788,100000000,1.677880000
165,175820,100000000,1.758200000
166,162068,100000000,1.620680000
167,168780,100000000,1.687800000
168,164388,100000000,1.643880000
169,182424,100000000,1.824240000
170,170084,100000000,1.700840000
171,170656,100000000,1.706560000
172,174708,100000000,1.747080000
173,171500,100000000,1.715000000
174,172528,100000000,1.725280000
175,166292,100000000,1.662920000
176,168236,100000000,1.682360000
177,172068,100000000,1.720680000
178,172580,100000000,1.725800000
179,170568,100000000,1.705680000
180,163100,100000000,1.631000000
181,166052,100000000,1.660520000
182,165028,100000000,1.650280000
183,489364,100000000,4.893640000
184,168216,100000000,1.682160000
185,170276,100000000,1.702760000
186,176780,100000000,1.767800000
187,164992,100000000,1.649920000
188,171404,100000000,1.714040000
189,177672,100000000,1.776720000
190,359352,100000000,3.593520000
191,163584,100000000,1.635840000
192,170048,100000000,1.700480000
193,166688,100000000,1.666880000
194,166044,100000000,1.660440000
195,172724,100000000,1.727240000
196,173196,100000000,1.731960000
197,168928,100000000,1.689280000
198,167008,100000000,1.670080000
199,472492,100000000,4.724920000
200,168088,100000000,1.680880000
201,167420,100000000,1.674200000
202,169484,100000000,1.694840000
203,176904,100000000,1.769040000
204,166580,100000000,1.665800000
205,166904,100000000,1.669040000
206,168056,100000000,1.680560000
207,171636,100000000,1.716360000
208,166640,100000000,1.666400000
209,170080,100000000,1.700800000
210,166692,100000000,1.666920000
211,167684,100000000,1.676840000
212,167028,100000000,1.670280000
213,183484,100000000,1.834840000
214,168812,100000000,1.688120000
215,169584,100000000,1.695840000
216,166492,100000000,1.664920000
217,171200,100000000,1.712000000
218,165148,100000000,1.651480000
219,170808,100000000,1.708080000
220,167628,100000000,1.676280000
221,168596,100000000,1.685960000
222,168008,100000000,1.680080000
223,169396,100000000,1.693960000
224,169016,100000000,1.690160000
225,168600,100000000,1.686000000
226,170900,100000000,1.709000000
227,162044,100000000,1.620440000
228,169120,100000000,1.691200000
229,168988,100000000,1.689880000
230,171776,100000000,1.717760000
231,169732,100000000,1.697320000
232,165944,100000000,1.659440000
233,213512,100000000,2.135120000
234,224600,100000000,2.246000000
235,169400,100000000,1.694000000
236,168852,100000000,1.688520000
237,171468,100000000,1.714680000
238,167692,100000000,1.676920000
239,170660,100000000,1.706600000
240,169264,100000000,1.692640000
241,170204,100000000,1.702040000
242,169664,100000000,1.696640000
243,171204,100000000,1.712040000
244,169536,100000000,1.695360000
245,1005044,100000000,10.050440000
246,172336,100000000,1.723360000
247,229928,100000000,2.299280000
248,1276884,100000000,12.768840000
249,164544,100000000,1.645440000
250,163244,100000000,1.632440000
251,165316,100000000,1.653160000
252,176440,100000000,1.764400000
253,164696,100000000,1.646960000
254,167096,100000000,1.670960000
255,165880,100000000,1.658800000
256,168936,100000000,1.689360000
257,170144,100000000,1.701440000
258,167188,100000000,1.671880000
259,167332,100000000,1.673320000
260,167088,100000000,1.670880000
261,179760,100000000,1.797600000
262,166640,100000000,1.666400000
263,169164,100000000,1.691640000
264,180636,100000000,1.806360000
265,167608,100000000,1.676080000
266,166496,100000000,1.664960000
267,161932,100000000,1.619320000
268,168240,100000000,1.682400000
269,526812,100000000,5.268120000
270,164668,100000000,1.646680000
271,167308,100000000,1.673080000
272,168448,100000000,1.684480000
273,168344,100000000,1.683440000
274,167808,100000000,1.678080000
275,163784,100000000,1.637840000
276,164136,100000000,1.641360000
277,169400,100000000,1.694000000
278,168140,100000000,1.681400000
279,162788,100000000,1.627880000
280,167912,100000000,1.679120000
281,167604,100000000,1.676040000
282,165624,100000000,1.656240000
283,170720,100000000,1.707200000
284,167144,100000000,1.671440000
285,166992,100000000,1.669920000
286,164816,100000000,1.648160000
287,168772,100000000,1.687720000
288,170256,100000000,1.702560000
289,178620,100000000,1.786200000
290,165116,100000000,1.651160000
291,161940,100000000,1.619400000
292,168160,100000000,1.681600000
293,167928,100000000,1.679280000
294,168888,100000000,1.688880000
295,168996,100000000,1.689960000
296,170812,100000000,1.708120000
297,171740,100000000,1.717400000
298,168688,100000000,1.686880000
299,166532,100000000,1.665320000
300,168760,100000000,1.687600000
301,172240,100000000,1.722400000
302,173136,100000000,1.731360000
303,177736,100000000,1.777360000
304,166396,100000000,1.663960000
305,167000,100000000,1.670000000
306,168756,100000000,1.687560000
307,172764,100000000,1.727640000
308,167920,100000000,1.679200000
309,168296,100000000,1.682960000
310,168668,100000000,1.686680000
311,177392,100000000,1.773920000
312,166488,100000000,1.664880000
313,180236,100000000,1.802360000
314,177864,100000000,1.778640000
315,167872,100000000,1.678720000
316,167944,100000000,1.679440000
317,168116,100000000,1.681160000
318,169120,100000000,1.691200000
319,175704,100000000,1.757040000
320,653904,100000000,6.539040000
321,168216,100000000,1.682160000
322,176580,100000000,1.765800000
323,166652,100000000,1.666520000
324,165984,100000000,1.659840000
325,172668,100000000,1.726680000
326,348728,100000000,3.487280000
327,168248,100000000,1.682480000
328,165112,100000000,1.651120000
329,175488,100000000,1.754880000
330,168240,100000000,1.682400000
331,170620,100000000,1.706200000
332,164336,100000000,1.643360000
333,168368,100000000,1.683680000
334,173040,100000000,1.730400000
335,165536,100000000,1.655360000
336,172424,100000000,1.724240000
337,167692,100000000,1.676920000
338,346720,100000000,3.467200000
339,171548,100000000,1.715480000
340,173928,100000000,1.739280000
341,170236,100000000,1.702360000
342,165520,100000000,1.655200000
343,175032,100000000,1.750320000
344,167320,100000000,1.673200000
345,181496,100000000,1.814960000
346,165964,100000000,1.659640000
347,164464,100000000,1.644640000
348,165064,100000000,1.650640000
349,170204,100000000,1.702040000
350,304904,100000000,3.049040000
351,170948,100000000,1.709480000
352,170436,100000000,1.704360000
353,167692,100000000,1.676920000
354,167448,100000000,1.674480000
355,167312,100000000,1.673120000
356,166124,100000000,1.661240000
357,167444,100000000,1.674440000
358,167200,100000000,1.672000000
359,363796,100000000,3.637960000
360,168988,100000000,1.689880000
361,166324,100000000,1.663240000
362,179056,100000000,1.790560000
363,171504,100000000,1.715040000
364,168900,100000000,1.689000000
365,171484,100000000,1.714840000
366,166096,100000000,1.660960000
367,200904,100000000,2.009040000
368,172624,100000000,1.726240000
369,169272,100000000,1.692720000
370,183644,100000000,1.836440000
371,172376,100000000,1.723760000
372,170088,100000000,1.700880000
373,178028,100000000,1.780280000
374,171232,100000000,1.712320000
375,172392,100000000,1.723920000
376,172372,100000000,1.723720000
377,173108,100000000,1.731080000
378,166448,100000000,1.664480000
379,165428,100000000,1.654280000
380,357312,100000000,3.573120000
381,163120,100000000,1.631200000
382,170136,100000000,1.701360000
383,165392,100000000,1.653920000
384,168548,100000000,1.685480000
385,171072,100000000,1.710720000
386,187196,100000000,1.871960000
387,168628,100000000,1.686280000
388,168208,100000000,1.682080000
389,166976,100000000,1.669760000
390,166200,100000000,1.662000000
391,168072,100000000,1.680720000
392,169804,100000000,1.698040000
393,165904,100000000,1.659040000
394,169544,100000000,1.695440000
395,165544,100000000,1.655440000
396,164340,100000000,1.643400000
397,169292,100000000,1.692920000
398,166136,100000000,1.661360000
399,164436,100000000,1.644360000
400,166352,100000000,1.663520000
401,169252,100000000,1.692520000
402,168028,100000000,1.680280000
403,169740,100000000,1.697400000
404,167604,100000000,1.676040000
405,171352,100000000,1.713520000
406,168000,100000000,1.680000000
407,179284,100000000,1.792840000
408,170248,100000000,1.702480000
409,186728,100000000,1.867280000
410,985888,100000000,9.858880000
411,177696,100000000,1.776960000
412,165024,100000000,1.650240000
413,168880,100000000,1.688800000
414,168364,100000000,1.683640000
415,168076,100000000,1.680760000
416,167112,100000000,1.671120000
417,179244,100000000,1.792440000
418,172700,100000000,1.727000000
419,165668,100000000,1.656680000
420,164072,100000000,1.640720000
421,167656,100000000,1.676560000
422,164060,100000000,1.640600000
423,184732,100000000,1.847320000
424,177324,100000000,1.773240000
425,167328,100000000,1.673280000
426,166984,100000000,1.669840000
427,178528,100000000,1.785280000
428,171156,100000000,1.711560000
429,169920,100000000,1.699200000
430,163044,100000000,1.630440000
431,166732,100000000,1.667320000
432,166292,100000000,1.662920000
433,171552,100000000,1.715520000
434,170588,100000000,1.705880000
435,170728,100000000,1.707280000
436,166268,100000000,1.662680000
437,345308,100000000,3.453080000
438,172020,100000000,1.720200000
439,177136,100000000,1.771360000
440,206448,100000000,2.064480000
441,165820,100000000,1.658200000
442,172436,100000000,1.724360000
443,168460,100000000,1.684600000
444,166132,100000000,1.661320000
445,165900,100000000,1.659000000
446,174156,100000000,1.741560000
447,167512,100000000,1.675120000
448,186976,100000000,1.869760000
449,719148,100000000,7.191480000
450,174728,100000000,1.747280000
451,170228,100000000,1.702280000
452,163888,100000000,1.638880000
453,163552,100000000,1.635520000
454,166132,100000000,1.661320000
455,180296,100000000,1.802960000
456,167992,100000000,1.679920000
457,166700,100000000,1.667000000
458,169072,100000000,1.690720000
459,164076,100000000,1.640760000
460,179012,100000000,1.790120000
461,170844,100000000,1.708440000
462,170088,100000000,1.700880000
463,168592,100000000,1.685920000
464,186740,100000000,1.867400000
465,163828,100000000,1.638280000
466,163928,100000000,1.639280000
467,167264,100000000,1.672640000
468,169024,100000000,1.690240000
469,169872,100000000,1.698720000
470,315540,100000000,3.155400000
471,172104,100000000,1.721040000
472,169216,100000000,1.692160000
473,181088,100000000,1.810880000
474,163832,100000000,1.638320000
475,168768,100000000,1.687680000
476,164476,100000000,1.644760000
477,166252,100000000,1.662520000
478,172016,100000000,1.720160000
479,171276,100000000,1.712760000
480,164640,100000000,1.646400000
481,170640,100000000,1.706400000
482,168720,100000000,1.687200000
483,171832,100000000,1.718320000
484,175920,100000000,1.759200000
485,169612,100000000,1.696120000
486,178084,100000000,1.780840000
487,168328,100000000,1.683280000
488,173376,100000000,1.733760000
489,167128,100000000,1.671280000
490,168176,100000000,1.681760000
491,167964,100000000,1.679640000
492,173256,100000000,1.732560000
493,166132,100000000,1.661320000
494,167628,100000000,1.676280000
495,164372,100000000,1.643720000
496,165884,100000000,1.658840000
497,333196,100000000,3.331960000
498,165904,100000000,1.659040000
499,173976,100000000,1.739760000
500,162932,100000000,1.629320000
501,170884,100000000,1.708840000
502,176400,100000000,1.764000000
503,166640,100000000,1.666400000
504,167128,100000000,1.671280000
505,170192,100000000,1.701920000
506,167140,100000000,1.671400000
507,166000,100000000,1.660000000
508,166788,100000000,1.667880000
509,171648,100000000,1.716480000
510,164820,100000000,1.648200000
511,172228,100000000,1.722280000
512,176304,100000000,1.763040000
513,173108,100000000,1.731080000
514,170824,100000000,1.708240000
515,332736,100000000,3.327360000
516,166052,100000000,1.660520000
517,178936,100000000,1.789360000
518,170204,100000000,1.702040000
519,165676,100000000,1.656760000
520,166008,100000000,1.660080000
521,165996,100000000,1.659960000
522,380240,100000000,3.802400000
523,168852,100000000,1.688520000
524,165092,100000000,1.650920000
525,327540,100000000,3.275400000
526,163624,100000000,1.636240000
527,171304,100000000,1.713040000
528,168324,100000000,1.683240000
529,169356,100000000,1.693560000
530,167304,100000000,1.673040000
531,164104,100000000,1.641040000
532,167284,100000000,1.672840000
533,165760,100000000,1.657600000
534,162748,100000000,1.627480000
535,166292,100000000,1.662920000
536,165896,100000000,1.658960000
537,177676,100000000,1.776760000
538,171176,100000000,1.711760000
539,174560,100000000,1.745600000
540,169776,100000000,1.697760000
541,176908,100000000,1.769080000
542,163900,100000000,1.639000000
543,167620,100000000,1.676200000
544,168676,100000000,1.686760000
545,164156,100000000,1.641560000
546,175752,100000000,1.757520000
547,360616,100000000,3.606160000
548,168720,100000000,1.687200000
549,167448,100000000,1.674480000
550,163876,100000000,1.638760000
551,173912,100000000,1.739120000
552,168360,100000000,1.683600000
553,167724,100000000,1.677240000
554,179284,100000000,1.792840000
555,172508,100000000,1.725080000
556,165116,100000000,1.651160000
557,174032,100000000,1.740320000
558,169816,100000000,1.698160000
559,167032,100000000,1.670320000
560,163396,100000000,1.633960000
561,177972,100000000,1.779720000
562,167040,100000000,1.670400000
563,394252,100000000,3.942520000
564,170640,100000000,1.706400000
565,168540,100000000,1.685400000
566,164320,100000000,1.643200000
567,166764,100000000,1.667640000
568,163004,100000000,1.630040000
569,167024,100000000,1.670240000
570,165084,100000000,1.650840000
571,170592,100000000,1.705920000
572,172524,100000000,1.725240000
573,173324,100000000,1.733240000
574,170980,100000000,1.709800000
575,169472,100000000,1.694720000
576,168452,100000000,1.684520000
577,169384,100000000,1.693840000
578,173520,100000000,1.735200000
579,167504,100000000,1.675040000
580,171812,100000000,1.718120000
581,168740,100000000,1.687400000
582,163380,100000000,1.633800000
583,169124,100000000,1.691240000
584,169612,100000000,1.696120000
585,174000,100000000,1.740000000
586,166772,100000000,1.667720000
587,170216,100000000,1.702160000
588,173084,100000000,1.730840000
589,172180,100000000,1.721800000
590,166652,100000000,1.666520000
591,163972,100000000,1.639720000
592,181084,100000000,1.810840000
593,166088,100000000,1.660880000
594,167052,100000000,1.670520000
595,178944,100000000,1.789440000
596,177368,100000000,1.773680000
597,175600,100000000,1.756000000
598,169856,100000000,1.698560000
599,164080,100000000,1.640800000
600,173968,100000000,1.739680000
601,168944,100000000,1.689440000
602,181772,100000000,1.817720000
603,168384,100000000,1.683840000
604,174172,100000000,1.741720000
605,332132,100000000,3.321320000
606,168756,100000000,1.687560000
607,178656,100000000,1.786560000
608,169476,100000000,1.694760000
609,172544,100000000,1.725440000
610,176100,100000000,1.761000000
611,168276,100000000,1.682760000
612,164224,100000000,1.642240000
613,168092,100000000,1.680920000
614,324060,100000000,3.240600000
615,167516,100000000,1.675160000
616,174388,100000000,1.743880000
617,339624,100000000,3.396240000
618,164412,100000000,1.644120000
619,163744,100000000,1.637440000
620,166276,100000000,1.662760000
621,167500,100000000,1.675000000
622,165808,100000000,1.658080000
623,166800,100000000,1.668000000
624,166736,100000000,1.667360000
625,167892,100000000,1.678920000
626,183260,100000000,1.832600000
627,181484,100000000,1.814840000
628,164228,100000000,1.642280000
629,397260,100000000,3.972600000
630,166652,100000000,1.666520000
631,178240,100000000,1.782400000
632,167380,100000000,1.673800000
633,168084,100000000,1.680840000
634,166324,100000000,1.663240000
635,166968,100000000,1.669680000
636,163268,100000000,1.632680000
637,168368,100000000,1.683680000
638,166076,100000000,1.660760000
639,166896,100000000,1.668960000
640,165184,100000000,1.651840000
641,206184,100000000,2.061840000
642,170892,100000000,1.708920000
643,171816,100000000,1.718160000
644,248632,100000000,2.486320000
645,166144,100000000,1.661440000
646,166768,100000000,1.667680000
647,173612,100000000,1.736120000
648,167136,100000000,1.671360000
649,171888,100000000,1.718880000
650,171364,100000000,1.713640000
651,169844,100000000,1.698440000
652,164808,100000000,1.648080000
653,171408,100000000,1.714080000
654,171744,100000000,1.717440000
655,179792,100000000,1.797920000
656,168796,100000000,1.687960000
657,163928,100000000,1.639280000
658,172128,100000000,1.721280000
659,168144,100000000,1.681440000
660,247248,100000000,2.472480000
