file	workspace source (local only)	source SHA256
etw-notes-300.txt	scratch/m15/etw/300/etw-notes.txt	FD0DD77B315B35F77D2EF6E93B53FA65C445060E7A6E5FEA8DD267432B43F57C
etw-notes-304.txt	scratch/m15/etw/304/etw-notes.txt	FBA942A29C8FA370AFABBA25434DEC4209473F62271DB0EB49FBC60044F0B59A
etw-notes-305.txt	scratch/m15/etw/305/etw-notes.txt	A8380B7BCAD36E161DA18B62E846B3CE4158C348D4B42D1D0ECEA7C257367B81
etw-notes-306.txt	scratch/m15/etw/306/etw-notes.txt	4AACC5E55A4E15EE8E83364C17B5FD3E675FE4A3A0ABF25636D344061044296F
etw-notes-307.txt	scratch/m15/etw/307/etw-notes.txt	2B0CD540527A34EE0F01AC8552A599A35E14CEB77357089EDD1DB9948D61804B
etw-notes-313.txt	scratch/m15/etw/313/etw-notes.txt	C61857B492BDDDC3CEF3006B6ABCFFEEBF29EC9575A9352E0A0FD0294A574734
etw-notes-314.txt	scratch/m15/etw/314/etw-notes.txt	3DD8CAA9229CD424B8C3EAE2D24F7528C6CDAC5BC4965D064165E267D65166CC
etw-notes-315.txt	scratch/m15/etw/315/etw-notes.txt	B6D0E60F55E976861772A5960ACBF7E340D903CE08150E31239A7564A157FA68
etw-notes-316.txt	scratch/m15/etw/316/etw-notes.txt	767F2077D9F13503C184C5FA8826138FC42A946E124ABA0996CEED72987C69CD
etw-notes-317.txt	scratch/m15/etw/317/etw-notes.txt	F05D332045E9D90004B336B138D9C4CE9D4C609C30D8B8B19FBE282424908B2A
etw-notes-318.txt	scratch/m15/etw/318/etw-notes.txt	084B363CF4B08261C50A08212FACC43308601DAD58E9E280825422489BAE29D9
etw-notes-320.txt	scratch/m15/etw/320/etw-notes.txt	2701F212FC58B7CC7903DFB0AFF8BE9D653771986D3CD7F2201A325329400D66
gpu-300-summary.txt	scratch/m15/etw/300/gpu-B-summary.txt	ED009243907A2EB5475F60AFC15929250850AA07A1452630234B8A42D3B203B2
gpu-304-summary.txt	scratch/m15/etw/304/gpu-B-summary.txt	E5ECED17AF2D857F2BCC9EDBF6B073C4C2BC7F34252E2C298C434048170B2121
gpu-305-summary.txt	scratch/m15/etw/305/gpu-B-summary.txt	89EC4F30DA52C6A092D59CBF235D29A76EC8EF6E5C85F96EE2E9A014A9E49327
gpu-306-summary.txt	scratch/m15/etw/306/gpu-B-summary.txt	1553B9B5CE999AD716B46B9734652D1BD6CB32D51FCBFD529ECF26F339BA2FE5
gpu-307-summary.txt	scratch/m15/etw/307/gpu-B-summary.txt	E088CCAAC3F7507B7F5234FF79F2FFB76372B06F7B6AB31406B61E016918E490
gpu-313-summary.txt	scratch/m15/etw/313/gpu-B-summary.txt	C040A63EC1FBA8D0D40F501AB255B673EDD01919AA022C23955A315FD56AB8B2
gpu-314-summary.txt	scratch/m15/etw/314/gpu-B-summary.txt	3CE48F9EB465E923D759351E06AFBD1BC65B14B9922F9543D202728DD53F1DFF
gpu-315-summary.txt	scratch/m15/etw/315/gpu-B-summary.txt	A4F193DEC30B94100C15B56E3535F736BB169F7834FDB29E72EA3406CEE4C619
gpu-316-summary.txt	scratch/m15/etw/316/gpu-B-summary.txt	238DDDC7A6295CE58C11001BD934F2C9B0BE22F1BD028178B637159835B409F7
gpu-317-summary.txt	scratch/m15/etw/317/gpu-B-summary.txt	138569E7A435E2EE3FA0A40A7A9B27CEE8B6194932652448DC4101F6D5096768
gpu-318-summary.txt	scratch/m15/etw/318/gpu-B-summary.txt	5F945EECEAAB7C0DE04A9290F82DF44E8CACC25848C3B306E2D3D93C378F6176
gpu-320-summary.txt	scratch/m15/etw/320/gpu-B-summary.txt	B6A0209486408E6D8CE6CAC0747FA5045E0DC00F5FB4691247737161F8CAD6E5
kmd-holds-314.txt	scratch/m15/native-caps001/attempts/native-caps314/collected.tar ./game-kernel.log	43F2757A3EA0D499A820C51F73C02BFC86ECED541990399041528EA6E94D779C
kmd-holds-318.txt	scratch/m15/native-caps001/attempts/native-caps318/collected.tar ./game-kernel.log	54CF2E47884F3256A6585EEE0B294026EA850576E3D39084F46A966222ADC258
kmd-holds-320.txt	scratch/m15/native-caps001/attempts/native-caps320/collected.tar ./game-kernel.log	E4FCD4A8503247477B77165E041602B9A7A2B22433D80C029826F5EF0B4358CD
ocr-300-001.json	scratch/m15/control/native-caps300/ocr-001.json	B816AA37E89BDF3E544BE9AD6E6B6AD332FCA616FB324085B922091CD07D778D
ocr-300-002.json	scratch/m15/control/native-caps300/ocr-002.json	2EF826F7111648401C272334DCA6AD4C2759C28BF18887661ECB328C38F80D42
ocr-304-001.json	scratch/m15/control/native-caps304/ocr-001.json	60022D70DCE6E28EF1274815FC368E34A4B433CFDB80E2D97E717DB4CDCAE781
ocr-304-002.json	scratch/m15/control/native-caps304/ocr-002.json	BE0AFDCC4847350655D22E87315317F8DF1A4F20EEAC45F2E09B4716F7CBA42A
ocr-305-001.json	scratch/m15/control/native-caps305/ocr-001.json	FEB4E682BAC8C221B7BC19F8210A754D4F7E6E14230F2E4B3CC04B9FE9D3D61A
ocr-305-002.json	scratch/m15/control/native-caps305/ocr-002.json	74EF5E6F2C3DDA387AD367576DD76473C0BEA15D256F180ED9F66F0A62D097B5
ocr-306-001.json	scratch/m15/control/native-caps306/ocr-001.json	1F3316E716402AFFBC9DBAEB83EFFCE12A2C8ADF4445C9CD2E0DA9700E309FE6
ocr-306-002.json	scratch/m15/control/native-caps306/ocr-002.json	571D25473DB38021598ACE64F2935108AED4EAAAED10035291D7A3587207D53D
ocr-307-001.json	scratch/m15/control/native-caps307/ocr-001.json	595282606020459091E98E6D017458E057AF81836D50D5E3D18B3A47FDFDFD8E
ocr-307-002.json	scratch/m15/control/native-caps307/ocr-002.json	455A3373669BCC28ABC9E10F4E2B49E8A6CE4F4285AAEB1A97EEC611F8C127BA
plan-300.md	scratch/m15/native-caps001/attempts/native-caps300/PLAN-LOCAL.md	7F33BB9CB1F0C506C272D7DBC95571AA95DFE8FB08DD8ED2ECF7D7E5DF110048
plan-304.md	scratch/m15/native-caps001/attempts/native-caps304/PLAN-LOCAL.md	A744FAE8AB5E4F8E0DDCB79AE2B22ED0E7647E0CB7F968BBE8966BAC713D941C
plan-305.md	scratch/m15/native-caps001/attempts/native-caps305/PLAN-LOCAL.md	4749B2FDF17125A754A987BEB7BB9FEEC13BE24F2586D0416A9C3B16E5CBE25F
plan-306.md	scratch/m15/native-caps001/attempts/native-caps306/PLAN-LOCAL.md	89F978B05A15228C7A0F7AA38B41F54643BCD6B8CF0E5B27D4F848F99D2B23AF
plan-307.md	scratch/m15/native-caps001/attempts/native-caps307/PLAN-LOCAL.md	EC28D861B06CFE90B4C9BB24764C1BAF294FB7533A80547992F6AD822C5896B2
plan-313.md	scratch/m15/native-caps001/attempts/native-caps313/PLAN-LOCAL.md	D9646BE6216D58A9AC57135D51FC3424E31A90D868665CAB12E9FC28314CEB7F
plan-314.md	scratch/m15/native-caps001/attempts/native-caps314/PLAN-LOCAL.md	60050E1BBB4923E8160C95E1D6758DD2675E7F199265908B80FCA798D6D81A5A
plan-315.md	scratch/m15/native-caps001/attempts/native-caps315/PLAN-LOCAL.md	40E93BA6504301EBA82429862157FA2894A866DC31C10CA942E0E39C8E8F4606
plan-316.md	scratch/m15/native-caps001/attempts/native-caps316/PLAN-LOCAL.md	ADBAE7C9CCBF976B3A7C9171C74257A60453B82326C529CA150CCE0DA42FFEB9
plan-317.md	scratch/m15/native-caps001/attempts/native-caps317/PLAN-LOCAL.md	202C453E2BAE9C5BDFB35C64E46ED73430CA92CFF5C40EE3F07AC55E7F3B18FE
plan-318.md	scratch/m15/native-caps001/attempts/native-caps318/PLAN-LOCAL.md	3C6C1590D205FD042AB9C4B4C88311436CB347AB025FAB5841A5AF2D577C2F29
plan-320.md	scratch/m15/native-caps001/attempts/native-caps320/PLAN-LOCAL.md	28D36B1E1F179AFF003C2ACA31BD1EC7A594665C0E06E03169BBDEFB135D785A
prestate.tsv	read from each trial's before.json inside collected.tar	-
supervisor-300.json	scratch/m15/native-caps001/attempts/native-caps300/analysis-input/result.json	A0C10717B2B67C9A673C86CC5B382108F8E9CB78B70CE14EC49813BF2BBE3DCC
supervisor-304.json	scratch/m15/native-caps001/attempts/native-caps304/analysis-input/result.json	3BA3CEB0E423BE14BFE0870174FEA3195A8701162164CECDF06518D750707598
supervisor-305.json	scratch/m15/native-caps001/attempts/native-caps305/analysis-input/result.json	478DA74ED8738D2BEE7FD9E7D38D363162F5B91796D87AE82C9D2A085714216F
supervisor-306.json	scratch/m15/native-caps001/attempts/native-caps306/analysis-input/result.json	B7081C183E263664359112BF6BC677A5B0ED5927AF08ABE0C5C34E06E6E24DD9
supervisor-307.json	scratch/m15/native-caps001/attempts/native-caps307/analysis-input/result.json	0B9F1895D9BE68B3C5772E630C6B92966EE2F1D1E994CABF64221522D68F24BD
supervisor-313.json	scratch/m15/native-caps001/attempts/native-caps313/analysis-input/result.json	88E0F0DB97DFB77B3BE388F14BF0A734D5F4671A42B211679CB0DFB904F1A339
supervisor-314.json	scratch/m15/native-caps001/attempts/native-caps314/analysis-input/result.json	403FE4751D9D9F2F30DCFCE04452270EED8C3BB37403245B52449BD0F47489B8
supervisor-315.json	scratch/m15/native-caps001/attempts/native-caps315/analysis-input/result.json	9DE7DFEEF78A28FFC59E792347A21C1D9469B95487D1D55B1A959BE6A2962527
supervisor-316.json	scratch/m15/native-caps001/attempts/native-caps316/analysis-input/result.json	58F7BE060F492DE98F6DFF85D0F8CA25E94627B57FDBC277955C03F197A1DA05
supervisor-317.json	scratch/m15/native-caps001/attempts/native-caps317/analysis-input/result.json	15204AA151DB93FD7FF440302A45ABF2592214E1348518528189BDD0DAB523E9
supervisor-318.json	scratch/m15/native-caps001/attempts/native-caps318/analysis-input/result.json	3A74F1213FE7E96E1D0C065F9318BCF73B41AD584A26152DAB0224CF384C512F
supervisor-320.json	scratch/m15/native-caps001/attempts/native-caps320/analysis-input/result.json	4AD4D09D86309D39ADB9AA76A741FD73A9162A7FA040543B2B3FEAF5D8799A4A
timeline-313.txt	scratch/m15/gpu-timeline/runs/w3-low-313/run.gtl	D31E045D5CA8FB45C2CBD28531CAD496DC160827FEB826BE96E6A92AA39BA5B1
timeline-314.txt	scratch/m15/gpu-timeline/runs/w3-high-314/run.gtl	09F338AC3DFDEC87463DDE311ADB73B1B604C3DA699772AA45C8674F8A16D93B
timeline-315.txt	scratch/m15/gpu-timeline/runs/w3-low-315/run.gtl	15247C0E30B0A670E5A5F34236BBEC159FEA4F00C1AC2ADA3216095CFC18DE07
timeline-316.txt	scratch/m15/gpu-timeline/runs/w3-high-316/run.gtl	48ABC47545481FE794A1C93580F0BB1B65F32C9C9F04375EDF0635497ACC17FD
timeline-317.txt	scratch/m15/gpu-timeline/runs/w3-low-317/run.gtl	1A6EE9B8B076E8CB55751FF2049A4259C96A4AF3E97E17AB9EAB7A908BDCDAD5
timeline-318.txt	scratch/m15/gpu-timeline/runs/w3-high-318/run.gtl	08F1EBFDC3264E5511A508C4974C9BF85E08F36F179F147CB9FD96D24E5D19DF
timeline-320.txt	scratch/m15/gpu-timeline/runs/w3-highrt-320/run.gtl	4D18F43C624C5E1E681D79F8BB131AE712571F4C397C8351A688DC86106F4E90
