file	source (under scratch/m15/native-caps001/attempts, workspace only)	source SHA256
client-024.txt	native-caps024/analysis-input/runtime.out	62812AC22A26E59EB4E6F10478F3E2E57AA6E7B0DC42EC3F9988BBE9690CDAA0
supervisor-024.json	native-caps024/analysis-input/result.json	7D71AC632C4D5DAC3364D688989766F1894BBCA1AFF2629F1B09E1894D09EA06
client-028.txt	native-caps028/analysis-input/runtime.out	4C11DC6657834B89DE3C24312D76EA056561A7F59365409867E670F52765FD51
supervisor-028.json	native-caps028/analysis-input/result.json	C945C6C8888C710C18486965B965AC8E468941AA9D77112B82240F602609D1B0
client-029.txt	native-caps029/analysis-input/runtime.out	9850926E3BDC4A62BC326B6C041FDE350EAA1AAFBBF75A02D34C600E4679AEFA
supervisor-029.json	native-caps029/analysis-input/result.json	6798A39E0F6744BB155504A3EB8C180D54DD4D0C49DED92FF168BE07E5FD706E
client-034.txt	native-caps034/analysis-input/runtime.out	45A17078AD3778E96D566D9540BE051E1657451F978A85F8B761146D69E86F67
supervisor-034.json	native-caps034/analysis-input/result.json	D4F4C2D9AE560D282C0D6351CFB789FAE963D41B8015ECC4B3ED18D45E99100C
client-036.txt	native-caps036/analysis-input/runtime.out	660C54E3C47ADF38FCBF9089583370A87DC54D920C15DEF64BF1EE3D75DDAE57
supervisor-036.json	native-caps036/analysis-input/result.json	C30423C85411C5A8F51154D2D27D460D88E85ED01366B59770B5AAD820BEE3FA
client-053.txt	native-caps053/analysis-input/runtime.out	1E4C9649DDA1E7A40FF23627BCD3A1B607405F8931BCD1CB5EC4E025E2687E78
supervisor-053.json	native-caps053/analysis-input/result.json	7798FB2342BE1AA33914401EE0A8F1033F5EDAF69BA31F47CC57C0434C3C0DDF
shell-053.txt	native-caps053/analysis-input/runtime.err (selected lines)	519DC0A8E109626EC2AB27124E56A0B5D0265C73494DEF9F86D119232FF3313F
client-054.txt	native-caps054/analysis-input/runtime.out	11E6A0A3C57D106DF35CB5C9B2162640708E2FD29336C1080D4353D72A13B29B
supervisor-054.json	native-caps054/analysis-input/result.json	D5319C65B62FB8015BCC20208A4DED56D7ED63788730362E60A29425A332B207
shell-054.txt	native-caps054/analysis-input/runtime.err (selected lines)	BB4D97414FD9B08D9B20EFD9CAF5BD33C0E871CC8B7F4C7DA1F2937C6F17937D
client-056.txt	native-caps056/analysis-input/runtime.out	2C02DC25854D852190621457D048BAF7EE7398980391826F0D0365F3E88BE40B
supervisor-056.json	native-caps056/analysis-input/result.json	ECDDF4976F6BBDD79182E1B93BC692130C7021AA0E32206F1BC6F39DA3C4196A
shell-056.txt	native-caps056/analysis-input/runtime.err (selected lines)	AAA74131154B60E554E549925576F7F5DDC223C749E175BFBBD26F01A682096C
client-059.txt	native-caps059/analysis-input/runtime.out	7B99DBC45DD8BB109AB3EAB14FB899D71222C7DB3AE7BEC9E90D189CF54DAE7B
supervisor-059.json	native-caps059/analysis-input/result.json	793FF0B81B1A3E348B61D1B65E757ACB5BF75ED45C1B02AEC1CC43674B979BE2
shell-059.txt	native-caps059/analysis-input/runtime.err (selected lines)	7C7FB28D019A5722BD6D46F208B847FFA8C18448C7E6E7FE8E367AFC561F8EF0
client-062.txt	native-caps062/analysis-input/runtime.out	C877FC5D783A3F09036F327EC8BC868685D411C746D4E799B0F3CBF3A00E6060
supervisor-062.json	native-caps062/analysis-input/result.json	5752E109BE0EBD5F19BD3C403D187182F64108CE4E8F2496ED5E36D8E4FCD37D
shell-062.txt	native-caps062/analysis-input/runtime.err (selected lines)	0F32B08503F115F9206691A0C91BBDF5D15C43EE6B45AE50194CEC3350A22DF0
client-064.txt	native-caps064/analysis-input/runtime.out	F87CF8243534D2715DF5E78AEFF4D96DCDB80FAC46D0EE8466485AF7241A1393
supervisor-064.json	native-caps064/analysis-input/result.json	ECB9A1952FBC0BFE08C2F615DB1CC16AEDF752ACF8204296793159CBF46B12EB
shell-064.txt	native-caps064/analysis-input/runtime.err (selected lines)	31EB8DDD008F857C9621E4E8B4E440560DA535B9F217A9ACF3B0E0746D6D5B73
client-065.txt	native-caps065/analysis-input/runtime.out	64CC22F785EBE640CC9BDE07BBADC48D2FF0B18503A07057B7644110B5AC73E5
supervisor-065.json	native-caps065/analysis-input/result.json	EA16BFD85F2F30E1E363341AC0963CAB53A47046946081FD634A6A8DE545CDBF
shell-065.txt	native-caps065/analysis-input/runtime.err (selected lines)	C665B41A3BFDE39BA1623DA2BADB815F5817EBBE2C0C1D0D129D53E2A81732A3
client-237.txt	native-caps237/analysis-input/runtime.out	3543A205AEA2AABC5F743CDD675DB8428DF82EBF3B75F0DE2CD4D88316ED83CF
supervisor-237.json	native-caps237/analysis-input/result.json	E0D653FABFFAD87EA438A338FAAA9BC65B8F5BC70D9A6080BE1F50981DAC66D6
conformance-237.json	native-caps237/analysis-input/interactive/conformance.json	E249F2B8C537BCDBE53A4C65835253E1B348DD796BC7462069A2122E97BF6786
shell-237.txt	native-caps237/analysis-input/runtime.err (selected lines)	402432CF79E3ED6FBD53D38A8C0EFD6C2ECD9DFDDB3794A1D5571485847B83ED
client-238.txt	native-caps238/analysis-input/runtime.out	FFEE74EF2A6A9D71D648693025227C040BBCD94D11788CEFDF59DACDD773FB19
supervisor-238.json	native-caps238/analysis-input/result.json	74219E04FEF7B89EFE45614ADFC7D8CFF3CE7B65FC80CD4D4ED7918433D090D4
conformance-238.json	native-caps238/analysis-input/interactive/conformance.json	F7CE818ECA47D9C5A7C361C88FA045656FDCC8B27E858AD9645586A67B32FAA8
shell-238.txt	native-caps238/analysis-input/runtime.err (selected lines)	77079A28AD84590C57A4FAE57225263A7BA552B076A8E3EA28CF2818A9C4DE34
client-239.txt	native-caps239/analysis-input/runtime.out	96C3D2005C95659892A557AAEFB44B57D79E7D9F30A9B2FF65FDC25799EB8E6F
supervisor-239.json	native-caps239/analysis-input/result.json	2D50E170655BBCE6A0D662BDDACD014422E090B6FF88CCF14C3F597088A871FC
conformance-239.json	native-caps239/analysis-input/interactive/conformance.json	2DAF1710FAD996B14B6F43558A308D4EC175C61A0600661A51ABD4389C1088A5
shell-239.txt	native-caps239/analysis-input/runtime.err (selected lines)	A5AFEC7A4F039A75F71958CFD6445EE094F072951B0901062B7B5F23ED9A6E22
client-240.txt	native-caps240/analysis-input/runtime.out	BC594CB2E1DAD8094566A159B1C590CEA4B0AD8899C75A42886207D16A77A969
supervisor-240.json	native-caps240/analysis-input/result.json	0367DCFE2D4FE0FEF305166AC6B180584BC74DBB465966C466D8D12E51138E0F
conformance-240.json	native-caps240/analysis-input/interactive/conformance.json	7D88FB94B5E85A1CAD0B62B712A51504435B18938030F3EA69326791726F5DCB
shell-240.txt	native-caps240/analysis-input/runtime.err (selected lines)	8E94C66E4AA695FDFE78CBAC50BC5B0465FF25FF65BC54F068F0BA78A7776D1D
supervisor-309.json	native-caps309/analysis-input/result.json	CF0E1C35712B4A302F7642C7753754B219334124ED712507202267090F2B3A4F
caps-system-309.json	native-caps309/analysis-input/caps-system.json	77589A4F7EEC40283771E61EC44CE4F34861EDBF1890A3505C77708354E651B5
config-309.json	native-caps309/analysis-input/config.json	048A4106F086FA7EF4FB957CDC61C9F9A7D43FE175DC285CFEB8CC7E80E7624E
taskmgr-probe-309.txt	native-caps309/taskmgr-probe.txt	65D1262F948E60EF03E5CAB48837856F8C331374BE5C110F13B4E45EA23F7655
