"time","id","task","pid","tid","hAdapter","Token","Model","TokenSize","TokenData","Flags","CustomDuration","VmBusChannel"
"06:18:09.163961","171","6","4596","13100","0xffff978fb765f820","0xffffdd81f5971a00","7","0","4852","0x0","0","0x0"
"06:18:09.164059","172","6","4","892","0xffff978fbeb08000","0xffffdd81f5971a00","0","0","0","0x0","0","0x0"
"06:18:09.165464","171","6","4596","13100","0xffff978fb765f820","0xffffdd81f5971a00","7","0","4816","0x0","0","0x0"
"06:18:09.165581","172","6","4","892","0xffff978fbeb08000","0xffffdd81f5971a00","0","0","0","0x0","0","0x0"
"06:18:09.166839","171","6","4596","13100","0xffff978fb765f820","0xffffdd81f5971a00","7","0","4772","0x0","0","0x0"
"06:18:09.166880","172","6","4","892","0xffff978fbeb08000","0xffffdd81f5971a00","0","0","0","0x0","0","0x0"
"06:18:09.168158","171","6","4596","13100","0xffff978fb765f820","0xffffdd81f5971a00","7","0","2152","0x0","0","0x0"
"06:18:09.168244","172","6","4","892","0xffff978fbeb08000","0xffffdd81f5971a00","0","0","0","0x0","0","0x0"
"06:18:09.180959","171","6","4964","4028","0xffff978fb7492820","0xffffdd81f596e160","7","0","2228","0x0","0","0x0"
"06:18:09.180984","172","6","4","880","0xffff978fbeb03000","0xffffdd81f596e160","0","0","0","0x0","0","0x0"
"06:18:09.268044","171","6","4964","4028","0xffff978fb7492820","0xffffdd81f596e160","7","0","2228","0x0","0","0x0"
"06:18:09.268075","172","6","4","880","0xffff978fbeb03000","0xffffdd81f596e160","0","0","0","0x0","0","0x0"
"06:18:14.048322","171","6","4596","13100","0xffff978fb765f820","0xffffdd81f5971a00","7","0","2236","0x0","0","0x0"
"06:18:14.048415","172","6","4","892","0xffff978fbeb08000","0xffffdd81f5971a00","0","0","0","0x0","0","0x0"
"06:18:14.057424","171","6","4964","4028","0xffff978fb7492820","0xffffdd81f596e160","7","0","4020","0x0","0","0x0"
"06:18:14.057463","172","6","4","880","0xffff978fbeb03000","0xffffdd81f596e160","0","0","0","0x0","0","0x0"
"06:18:14.072641","171","6","4964","4028","0xffff978fb7492820","0xffffdd81f596e160","7","0","4024","0x0","0","0x0"
"06:18:14.072667","172","6","4","880","0xffff978fbeb03000","0xffffdd81f596e160","0","0","0","0x0","0","0x0"
"06:18:14.324341","171","6","4964","4028","0xffff978fb7492820","0xffffdd81f596e160","7","0","2236","0x0","0","0x0"
"06:18:14.324370","172","6","4","880","0xffff978fbeb03000","0xffffdd81f596e160","0","0","0","0x0","0","0x0"
"06:18:17.124223","171","6","4596","13100","0xffff978fb765f820","0xffffdd81f5971a00","7","0","2792","0x0","0","0x0"
"06:18:17.124351","172","6","4","892","0xffff978fbeb08000","0xffffdd81f5971a00","0","0","0","0x0","0","0x0"
"06:18:17.125707","171","6","4596","13100","0xffff978fb765f820","0xffffdd81f5971a00","7","0","532","0x0","0","0x0"
"06:18:17.125863","172","6","4","892","0xffff978fbeb08000","0xffffdd81f5971a00","0","0","0","0x0","0","0x0"
"06:18:17.127071","171","6","4596","13100","0xffff978fb765f820","0xffffdd81f5971a00","7","0","2792","0x0","0","0x0"
"06:18:17.127113","172","6","4","892","0xffff978fbeb08000","0xffffdd81f5971a00","0","0","0","0x0","0","0x0"
"06:18:17.177625","171","6","4964","4028","0xffff978fb7492820","0xffffdd81f596e160","7","0","2152","0x0","0","0x0"
"06:18:17.177675","172","6","4","880","0xffff978fbeb03000","0xffffdd81f596e160","0","0","0","0x0","0","0x0"
"06:18:17.309419","171","6","4964","4028","0xffff978fb7492820","0xffffdd81f596e160","7","0","4804","0x0","0","0x0"
"06:18:17.309445","172","6","4","880","0xffff978fbeb03000","0xffffdd81f596e160","0","0","0","0x0","0","0x0"
"06:18:34.827511","171","6","4596","13100","0xffff978fb765f820","0xffffdd81f5971a00","7","0","4772","0x0","0","0x0"
"06:18:34.827594","172","6","4","892","0xffff978fbeb08000","0xffffdd81f5971a00","0","0","0","0x0","0","0x0"
"06:18:34.836421","171","6","4964","4028","0xffff978fb7492820","0xffffdd81f596e160","7","0","532","0x0","0","0x0"
"06:18:34.836455","172","6","4","880","0xffff978fbeb03000","0xffffdd81f596e160","0","0","0","0x0","0","0x0"
"06:18:34.840625","171","6","4964","4028","0xffff978fb7492820","0xffffdd81f596e160","7","0","4020","0x0","0","0x0"
"06:18:34.840654","172","6","4","880","0xffff978fbeb03000","0xffffdd81f596e160","0","0","0","0x0","0","0x0"
"06:18:35.092223","171","6","4964","4028","0xffff978fb7492820","0xffffdd81f596e160","7","0","3092","0x0","0","0x0"
"06:18:35.092262","172","6","4","880","0xffff978fbeb03000","0xffffdd81f596e160","0","0","0","0x0","0","0x0"
