frame,start_qpc,present_return_qpc,qpc_frequency,result,dwm_hr,refresh_count,vblank_qpc,refresh_period_qpc
1,70850965452,70851287879,10000000,0,0,2,70851520306,166801
2,70868881656,70869322062,10000000,0,0,3,70869535980,166785
3,70869325911,70869648770,10000000,0,0,4,70869869445,166812
4,70869652837,70869787702,10000000,0,0,5,70869869445,166806
5,70869790378,70869949849,10000000,0,0,6,70870036034,166780
6,70869952674,70870117279,10000000,0,0,7,70870202982,166810
7,70870120065,70870295578,10000000,0,0,8,70870369796,166819
8,70870298369,70870450798,10000000,0,0,9,70870536517,166817
9,70870453708,70870622862,10000000,0,0,10,70870703312,166821
10,70870625833,70870788638,10000000,0,0,11,70870870152,166810
11,70870791516,70870949029,10000000,0,0,12,70871036927,166786
12,70870954105,70871115297,10000000,0,0,13,70871204023,166842
13,70871117473,70871293635,10000000,0,0,14,70871370819,166812
14,70871295826,70871446953,10000000,0,0,15,70871537611,166819
15,70871449107,70871617861,10000000,0,0,16,70871704438,166823
16,70871619981,70871790947,10000000,0,0,17,70871870935,166795
17,70871793136,70871947805,10000000,0,0,18,70872037768,166832
18,70871949975,70872116452,10000000,0,0,19,70872204708,166814
19,70872118698,70872292553,10000000,0,0,20,70872371484,166781
20,70872294685,70872447760,10000000,0,0,21,70872538320,166806
21,70872449947,70872618447,10000000,0,0,22,70872705105,166781
22,70872620628,70872800573,10000000,0,0,23,70872871899,166807
23,70872802801,70872951728,10000000,0,0,24,70873038716,166818
24,70872953852,70873121194,10000000,0,0,25,70873205634,166823
25,70873123542,70873298657,10000000,0,0,26,70873372444,166820
26,70873300935,70873716079,10000000,0,0,27,70873539223,166808
27,70873718461,70874288494,10000000,0,0,28,70874539849,166836
28,70874292399,70874897431,10000000,0,0,29,70874539849,166831
29,70874901482,70875145892,10000000,0,0,30,70875207038,166812
30,70875148141,70875285226,10000000,0,0,31,70875373844,166818
31,70875287564,70875463767,10000000,0,0,32,70875540648,166821
32,70875466024,70875617021,10000000,0,0,33,70875707542,166802
33,70875619173,70875787333,10000000,0,0,34,70875874374,166830
34,70875789435,70875965905,10000000,0,0,35,70876041156,166813
35,70875968031,70876118656,10000000,0,0,36,70876207929,166782
36,70876120789,70876286591,10000000,0,0,37,70876374750,166805
37,70876288764,70876460415,10000000,0,0,38,70876541531,166782
38,70876462600,70876617809,10000000,0,0,39,70876708441,166811
39,70876619886,70876788614,10000000,0,0,40,70876875253,166817
40,70876790763,70876963039,10000000,0,0,41,70877042125,166825
41,70876965113,70877118129,10000000,0,0,42,70877208927,166819
42,70877120305,70877289396,10000000,0,0,43,70877375699,166806
43,70877291613,70877463420,10000000,0,0,44,70877542482,166781
44,70877466026,70877623083,10000000,0,0,45,70877709391,166832
45,70877625444,70877788132,10000000,0,0,46,70877876179,166811
46,70877790274,70877964570,10000000,0,0,47,70878042964,166815
47,70877966723,70878124279,10000000,0,0,48,70878209777,166820
48,70878126338,70878285385,10000000,0,0,49,70878376527,166800
49,70878287723,70878462277,10000000,0,0,50,70878543362,166828
50,70878464492,70878625769,10000000,0,0,51,70878710202,166815
51,70878627953,70878787679,10000000,0,0,52,70878876979,166783
52,70878789758,70878965069,10000000,0,0,53,70879043843,166807
53,70878967259,70879127268,10000000,0,0,54,70879210628,166783
54,70879129440,70879288649,10000000,0,0,55,70879377443,166809
55,70879290818,70879463142,10000000,0,0,56,70879544258,166816
56,70879465281,70879625918,10000000,0,0,57,70879711103,166825
57,70879628090,70879787291,10000000,0,0,58,70879877905,166818
58,70879789522,70879963257,10000000,0,0,59,70880044672,166804
59,70879965451,70880124612,10000000,0,0,60,70880211459,166782
60,70880126791,70880291456,10000000,0,0,61,70880378287,166828
61,70880293796,70880465989,10000000,0,0,62,70880545077,166810
62,70897704667,70898004724,10000000,0,0,63,70898225675,166814
63,70898008429,70898341510,10000000,0,0,64,70898559732,166784
64,70898343692,70898786521,10000000,0,0,65,70898559932,166790
65,70898789889,70899297260,10000000,0,0,66,70899560268,166775
66,70899300866,70899797461,10000000,0,0,67,70900060650,166807
67,70899801248,70899983216,10000000,0,0,68,70900060650,166804
68,70899985767,70900138642,10000000,0,0,69,70900227622,166827
69,70900140959,70900307794,10000000,0,0,70,70900394405,166822
70,70900309982,70900482906,10000000,0,0,71,70900561523,166835
71,70900485100,70900644153,10000000,0,0,72,70900728308,166804
72,70900646536,70900807333,10000000,0,0,73,70900895054,166781
73,70900809574,70900984735,10000000,0,0,74,70901061910,166826
74,70900987061,70901138270,10000000,0,0,75,70901228710,166810
75,70901140407,70901308164,10000000,0,0,76,70901395527,166815
76,70901310462,70901486522,10000000,0,0,77,70901562328,166818
77,70901488945,70901643042,10000000,0,0,78,70901729130,166809
78,70901645453,70901807137,10000000,0,0,79,70901895956,166826
79,70901809382,70901990257,10000000,0,0,80,70902062768,166827
80,70901992550,70902142794,10000000,0,0,81,70902229460,166786
81,70902144988,70902309297,10000000,0,0,82,70902396278,166797
82,70902311443,70902483183,10000000,0,0,83,70902563186,166779
83,70902485308,70902638195,10000000,0,0,84,70902730023,166804
84,70902640344,70902809035,10000000,0,0,85,70902896837,166824
85,70902811279,70902983804,10000000,0,0,86,70903063646,166821
86,70902985948,70903148553,10000000,0,0,87,70903230555,166838
87,70903150822,70903313515,10000000,0,0,88,70903397336,166804
88,70903315613,70903801031,10000000,0,0,89,70903564181,166786
89,70903803481,70904309713,10000000,0,0,90,70904064524,166816
90,70904311843,70904800814,10000000,0,0,91,70904564835,166805
91,70904802924,70905076460,10000000,0,0,92,70905232103,166817
92,70905079010,70905307800,10000000,0,0,93,70905398908,166816
93,70905310251,70905478012,10000000,0,0,94,70905565710,166809
94,70905480158,70905650202,10000000,0,0,95,70905732505,166823
95,70905652310,70905809210,10000000,0,0,96,70905899314,166825
96,70905811333,70905978278,10000000,0,0,97,70906066003,166782
97,70905980487,70906155249,10000000,0,0,98,70906232824,166797
98,70906157365,70906309580,10000000,0,0,99,70906399617,166780
99,70906311801,70906481098,10000000,0,0,100,70906566446,166804
100,70906483290,70906653135,10000000,0,0,101,70906733296,166824
101,70906655274,70906808718,10000000,0,0,102,70906900098,166820
102,70906810897,70906978697,10000000,0,0,103,70907066988,166840
103,70906980903,70907155050,10000000,0,0,104,70907233760,166804
104,70907157272,70907309722,10000000,0,0,105,70907400539,166786
105,70907311934,70907478980,10000000,0,0,106,70907567376,166815
106,70907481253,70907653554,10000000,0,0,107,70907734184,166805
107,70907655768,70907814170,10000000,0,0,108,70907901001,166814
108,70907816381,70907978960,10000000,0,0,109,70908067797,166814
109,70907981184,70908156734,10000000,0,0,110,70908234599,166808
110,70908158945,70908315843,10000000,0,0,111,70908401408,166821
111,70908317869,70908751139,10000000,0,0,112,70908568218,166823
112,70908753455,70909431819,10000000,0,0,113,70909735800,166798
113,70909435293,70909977725,10000000,0,0,114,70910236223,166782
114,70909981186,70910148079,10000000,0,0,115,70910236250,166784
115,70910150263,70910325406,10000000,0,0,116,70910403065,166803
116,70910327555,70910479756,10000000,0,0,117,70910569891,166822
117,70910481899,70910649957,10000000,0,0,118,70910736740,166821
118,70910652155,70910822201,10000000,0,0,119,70910903565,166838
119,70910824393,70910980394,10000000,0,0,120,70911070260,166799
120,70910982740,70911148553,10000000,0,0,121,70911237055,166787
121,70911150716,70911325222,10000000,0,0,122,70911403882,166814
122,70911327360,70911483757,10000000,0,0,123,70911570680,166805
123,70911485891,70911650119,10000000,0,0,124,70911737538,166816
124,70911652209,70911825145,10000000,0,0,125,70911904342,166813
125,70911827407,70911984742,10000000,0,0,126,70912071185,166810
126,70911986984,70912148322,10000000,0,0,127,70912238003,166820
127,70912150469,70912327835,10000000,0,0,128,70912404797,166821
128,70912330135,70912480733,10000000,0,0,129,70912571566,166782
129,70912483915,70912645190,10000000,0,0,130,70912738333,166795
130,70912647528,70912827890,10000000,0,0,131,70912905130,166785
131,70912830324,70912991903,10000000,0,0,132,70913071924,166801
132,70912994158,70913148391,10000000,0,0,133,70913238750,166821
133,70913150590,70913323738,10000000,0,0,134,70913405511,166817
134,70913325771,70913752634,10000000,0,0,135,70913572336,166836
135,70913755011,70914315890,10000000,0,0,136,70914573023,166787
136,70914319877,70914930461,10000000,0,0,137,70915240294,166813
137,70914934391,70915151921,10000000,0,0,138,70915240294,166813
138,70915154275,70915318613,10000000,0,0,139,70915407088,166805
139,70915320872,70915501385,10000000,0,0,140,70915573902,166815
140,70915503467,70915657030,10000000,0,0,141,70915740711,166812
141,70915659232,70915817789,10000000,0,0,142,70915907512,166809
142,70915819865,70915995065,10000000,0,0,143,70916074370,166821
143,70915997284,70916153814,10000000,0,0,144,70916241174,166820
144,70916156082,70916321142,10000000,0,0,145,70916407944,166783
145,70916323313,70916495981,10000000,0,0,146,70916574761,166795
146,70916498122,70916656045,10000000,0,0,147,70916741595,166788
147,70916658232,70916819762,10000000,0,0,148,70916908413,166801
148,70916821855,70916997601,10000000,0,0,149,70917075247,166820
149,70916999860,70917157550,10000000,0,0,150,70917242049,166816
150,70917159813,70917320391,10000000,0,0,151,70917408869,166833
151,70917322699,70917495609,10000000,0,0,152,70917575638,166796
152,70917497851,70917655870,10000000,0,0,153,70917742468,166790
153,70917658033,70917820146,10000000,0,0,154,70917909296,166812
154,70917822264,70917996127,10000000,0,0,155,70918076123,166806
155,70917998208,70918158355,10000000,0,0,156,70918242937,166814
156,70918160521,70918319758,10000000,0,0,157,70918409703,166809
157,70918322190,70918494783,10000000,0,0,158,70918576508,166808
158,70918496981,70918657189,10000000,0,0,159,70918743352,166821
159,70918659385,70918821106,10000000,0,0,160,70918910156,166819
160,70918823301,70918998460,10000000,0,0,161,70919076952,166785
161,70919001017,70919157400,10000000,0,0,162,70919243769,166795
162,70919159565,70919322207,10000000,0,0,163,70919410530,166786
163,70919324395,70919497500,10000000,0,0,164,70919577352,166801
164,70919499825,70919657080,10000000,0,0,165,70919744202,166820
165,70919659284,70919819871,10000000,0,0,166,70919911004,166815
166,70919822048,70919998278,10000000,0,0,167,70920077848,166832
167,70920000481,70920158371,10000000,0,0,168,70920244619,166796
168,70920160545,70920324540,10000000,0,0,169,70920411411,166790
169,70920326665,70920497741,10000000,0,0,170,70920578239,166811
170,70920499889,70920660354,10000000,0,0,171,70920744999,166803
171,70920662582,70920825413,10000000,0,0,172,70920911815,166813
172,70920827539,70920996932,10000000,0,0,173,70921078640,166810
173,70920999059,70921159797,10000000,0,0,174,70921245443,166807
174,70921162008,70921323598,10000000,0,0,175,70921412270,166820
175,70921325749,70921498134,10000000,0,0,176,70921579074,166818
176,70921500350,70921658355,10000000,0,0,177,70921745868,166787
177,70921660479,70921824213,10000000,0,0,178,70921912683,166795
178,70921826552,70921999819,10000000,0,0,179,70922079473,166786
179,70922002257,70922161855,10000000,0,0,180,70922246294,166801
180,70922164276,70922326679,10000000,0,0,181,70922413086,166817
181,70922329096,70922498231,10000000,0,0,182,70922579889,166814
182,70922500522,70922659909,10000000,0,0,183,70922746731,166831
183,70922662139,70922830386,10000000,0,0,184,70922913502,166796
184,70922832715,70922996285,10000000,0,0,185,70923080323,166792
185,70922998472,70923163269,10000000,0,0,186,70923247147,166810
186,70923165594,70923324442,10000000,0,0,187,70923413913,166801
187,70923326507,70923811831,10000000,0,0,188,70923580730,166812
188,70923814219,70924320410,10000000,0,0,189,70924581502,166806
189,70924323814,70924816381,10000000,0,0,190,70925081937,166818
190,70924819828,70925003064,10000000,0,0,191,70925081937,166817
191,70925005462,70925158824,10000000,0,0,192,70925248737,166817
192,70925161043,70925329238,10000000,0,0,193,70925415514,166788
193,70925331489,70925505700,10000000,0,0,194,70925582350,166797
194,70925507918,70925657192,10000000,0,0,195,70925749146,166787
195,70925659335,70925828607,10000000,0,0,196,70925915961,166801
196,70925830871,70926004242,10000000,0,0,197,70926082782,166816
197,70926006419,70926160197,10000000,0,0,198,70926249607,166814
198,70926162456,70926328457,10000000,0,0,199,70926416428,166829
199,70926330656,70926511204,10000000,0,0,200,70926583219,166797
200,70926513302,70926664101,10000000,0,0,201,70926750020,166792
201,70926666284,70926832223,10000000,0,0,202,70926916839,166809
202,70926834472,70927004452,10000000,0,0,203,70927083637,166801
203,70927006563,70927160155,10000000,0,0,204,70927250448,166811
204,70927163027,70927328986,10000000,0,0,205,70927417249,166806
205,70927331283,70927506475,10000000,0,0,206,70927584050,166804
206,70927508724,70927659715,10000000,0,0,207,70927750868,166816
207,70927661782,70927830190,10000000,0,0,208,70927917669,166816
208,70927832393,70928005767,10000000,0,0,209,70928084448,166789
209,70928007928,70928159733,10000000,0,0,210,70928251277,166798
210,70928161835,70928330787,10000000,0,0,211,70928418073,166788
211,70928332969,70928506076,10000000,0,0,212,70928584900,166801
212,70928508349,70928665991,10000000,0,0,213,70928751720,166815
213,70928668112,70928828542,10000000,0,0,214,70928918517,166813
214,70928830751,70929007118,10000000,0,0,215,70929085337,166827
215,70929009345,70929165954,10000000,0,0,216,70929252128,166798
216,70929168007,70929329990,10000000,0,0,217,70929418928,166792
217,70929331976,70929505666,10000000,0,0,218,70929585762,166809
218,70929507908,70929665186,10000000,0,0,219,70929752561,166801
219,70929667293,70929829413,10000000,0,0,220,70929919369,166810
220,70929831606,70930006206,10000000,0,0,221,70930086171,166806
221,70930008350,70930167623,10000000,0,0,222,70930252987,166804
222,70930169740,70930330764,10000000,0,0,223,70930419805,166815
223,70930332972,70930507342,10000000,0,0,224,70930586599,166814
224,70930509589,70930664289,10000000,0,0,225,70930753381,166790
225,70930666511,70930830466,10000000,0,0,226,70930920189,166798
226,70930832647,70931008257,10000000,0,0,227,70931086987,166789
227,70931010408,70931168087,10000000,0,0,228,70931253798,166800
228,70931170225,70931330469,10000000,0,0,229,70931420618,166814
229,70931332630,70931507553,10000000,0,0,230,70931587416,166812
230,70931509722,70931667085,10000000,0,0,231,70931754235,166825
231,70931669270,70931830218,10000000,0,0,232,70931921008,166798
232,70931832473,70932007038,10000000,0,0,233,70932087808,166792
233,70932009205,70932167960,10000000,0,0,234,70932254643,166809
234,70932170120,70932330479,10000000,0,0,235,70932421441,166801
235,70932332901,70932508299,10000000,0,0,236,70932588267,166810
236,70932510453,70932671133,10000000,0,0,237,70932755069,166806
237,70932673314,70932830408,10000000,0,0,238,70932921865,166803
238,70932832550,70933009575,10000000,0,0,239,70933088683,166814
239,70933011787,70933169771,10000000,0,0,240,70933255499,166814
240,70933171917,70933336942,10000000,0,0,241,70933422283,166791
241,70933339136,70933825634,10000000,0,0,242,70933589107,166799
242,70933827910,70934326229,10000000,0,0,243,70934589908,166800
243,70934329692,70934824557,10000000,0,0,244,70935090329,166812
244,70934828033,70935006803,10000000,0,0,245,70935090329,166811
245,70935009003,70935170023,10000000,0,0,246,70935257140,166812
246,70935172216,70935338424,10000000,0,0,247,70935423957,166823
247,70935340526,70935509451,10000000,0,0,248,70935590750,166799
248,70935511684,70935670742,10000000,0,0,249,70935757549,166792
249,70935672897,70935837652,10000000,0,0,250,70935924348,166807
250,70935839788,70936007754,10000000,0,0,251,70936091148,166801
251,70936009925,70936169359,10000000,0,0,252,70936257973,166810
252,70936171467,70936338776,10000000,0,0,253,70936424775,166806
253,70936340908,70936510830,10000000,0,0,254,70936591588,166803
254,70936513073,70936669394,10000000,0,0,255,70936758405,166813
255,70936672578,70936838788,10000000,0,0,256,70936925204,166813
256,70936840976,70937013893,10000000,0,0,257,70937091988,166791
257,70937016093,70937169613,10000000,0,0,258,70937258813,166800
258,70937171850,70937338722,10000000,0,0,259,70937425610,166790
259,70937340876,70937521488,10000000,0,0,260,70937592435,166800
260,70937523618,70937673372,10000000,0,0,261,70937759251,166810
261,70937675534,70937836927,10000000,0,0,262,70937926052,166811
262,70937838959,70938014569,10000000,0,0,263,70938092868,166821
263,70938016848,70938175495,10000000,0,0,264,70938259662,166800
264,70938177904,70938338046,10000000,0,0,265,70938426460,166792
265,70938340063,70938822971,10000000,0,0,266,70938593291,166807
266,70938825328,70939339545,10000000,0,0,267,70939594081,166808
267,70939342964,70939830606,10000000,0,0,268,70940094472,166805
268,70939834547,70940015055,10000000,0,0,269,70940094472,166804
269,70940017220,70940170654,10000000,0,0,270,70940261286,166803
270,70940172785,70940340166,10000000,0,0,271,70940428101,166812
271,70940342361,70940516268,10000000,0,0,272,70940594917,166813
272,70940518391,70940670421,10000000,0,0,273,70940761701,166791
273,70940672639,70940838989,10000000,0,0,274,70940928510,166800
274,70940841132,70941016154,10000000,0,0,275,70941095307,166791
275,70941018279,70941176803,10000000,0,0,276,70941262131,166800
276,70941179251,70941343084,10000000,0,0,277,70941428946,166809
277,70941345506,70941520167,10000000,0,0,278,70941595763,166811
278,70941522628,70941677894,10000000,0,0,279,70941762578,166820
279,70941680491,70941843159,10000000,0,0,280,70941929359,166800
280,70941845598,70942015287,10000000,0,0,281,70942096157,166792
281,70942017597,70942176774,10000000,0,0,282,70942262986,166807
282,70942178926,70942341158,10000000,0,0,283,70942429785,166799
283,70942343344,70942522571,10000000,0,0,284,70942596578,166805
284,70942524845,70942677257,10000000,0,0,285,70942763383,166804
285,70942679553,70942841651,10000000,0,0,286,70942930181,166802
286,70942843917,70943020888,10000000,0,0,287,70943096996,166811
287,70943023238,70943175063,10000000,0,0,288,70943263797,166812
288,70943177335,70943341122,10000000,0,0,289,70943430581,166791
289,70943343324,70943518781,10000000,0,0,290,70943597379,166799
290,70943520972,70943678527,10000000,0,0,291,70943764177,166791
291,70943680781,70943840378,10000000,0,0,292,70943930987,166800
292,70943842582,70944017686,10000000,0,0,293,70944097801,166808
293,70944019928,70944176752,10000000,0,0,294,70944264618,166811
294,70944178852,70944341389,10000000,0,0,295,70944431432,166819
295,70944343576,70944518073,10000000,0,0,296,70944598227,166800
296,70944520189,70944681057,10000000,0,0,297,70944765025,166792
297,70944683279,70944841130,10000000,0,0,298,70944931840,166806
298,70944843330,70945018008,10000000,0,0,299,70945098639,166799
299,70945020158,70945179953,10000000,0,0,300,70945265453,166805
300,70945182155,70945342744,10000000,0,0,301,70945432258,166804
301,70945344936,70945518530,10000000,0,0,302,70945599070,166802
302,70945520567,70945679274,10000000,0,0,303,70945765884,166810
303,70945681410,70945844268,10000000,0,0,304,70945932686,166811
304,70945846520,70946017450,10000000,0,0,305,70946099472,166791
305,70946019598,70946178408,10000000,0,0,306,70946266294,166799
306,70946180522,70946349305,10000000,0,0,307,70946433092,166791
307,70946351443,70946518374,10000000,0,0,308,70946599914,166800
308,70946520508,70946679371,10000000,0,0,309,70946766727,166807
309,70946681511,70946849199,10000000,0,0,310,70946933530,166810
310,70946851507,70947017782,10000000,0,0,311,70947100344,166818
311,70947019955,70947178499,10000000,0,0,312,70947267124,166799
312,70947180716,70947347433,10000000,0,0,313,70947433923,166792
313,70947349599,70947518678,10000000,0,0,314,70947600729,166805
314,70947520803,70947679340,10000000,0,0,315,70947767529,166799
315,70947681453,70947849121,10000000,0,0,316,70947934335,166804
316,70947851268,70948016873,10000000,0,0,317,70948101141,166804
317,70948019093,70948184667,10000000,0,0,318,70948267951,166802
318,70948186880,70948610857,10000000,0,0,319,70948434764,166809
319,70948613305,70949304376,10000000,0,0,320,70949602339,166791
320,70949308345,70949844985,10000000,0,0,321,70950102754,166798
321,70949848735,70950014397,10000000,0,0,322,70950102762,166798
322,70950016566,70950192425,10000000,0,0,323,70950269560,166791
323,70950194597,70950350174,10000000,0,0,324,70950436375,166800
324,70950352433,70950518937,10000000,0,0,325,70950603197,166807
325,70950521050,70950691094,10000000,0,0,326,70950770004,166809
326,70950693423,70950847226,10000000,0,0,327,70950936814,166817
327,70950849396,70951020775,10000000,0,0,328,70951103602,166799
328,70951022958,70951188843,10000000,0,0,329,70951270401,166792
329,70951191043,70951348886,10000000,0,0,330,70951437219,166805
330,70951351143,70951517559,10000000,0,0,331,70951604027,166799
331,70951519698,70951688087,10000000,0,0,332,70951770838,166804
332,70951690288,70951850206,10000000,0,0,333,70951937638,166803
333,70951852352,70952018945,10000000,0,0,334,70952104443,166802
334,70952021205,70952190916,10000000,0,0,335,70952271251,166808
335,70952193106,70952353024,10000000,0,0,336,70952438057,166808
336,70952355336,70952519102,10000000,0,0,337,70952604842,166791
337,70952521276,70952688028,10000000,0,0,338,70952771655,166798
338,70952690229,70952848997,10000000,0,0,339,70952938449,166791
339,70952851144,70953019522,10000000,0,0,340,70953105264,166800
340,70953021690,70953191262,10000000,0,0,341,70953272072,166806
341,70953193600,70953347740,10000000,0,0,342,70953438880,166808
342,70953350300,70953782366,10000000,0,0,343,70953605692,166816
343,70953784801,70954473359,10000000,0,0,344,70954773272,166792
344,70954477332,70955012377,10000000,0,0,345,70955273708,166804
345,70955016467,70955187719,10000000,0,0,346,70955273710,166804
346,70955190018,70955358717,10000000,0,0,347,70955440508,166799
347,70955361104,70955518776,10000000,0,0,348,70955607318,166804
348,70955521009,70955695085,10000000,0,0,349,70955774121,166803
349,70955697373,70955858172,10000000,0,0,350,70955940925,166802
350,70955860344,70956020956,10000000,0,0,351,70956107731,166807
351,70956023252,70956185517,10000000,0,0,352,70956274537,166807
352,70956187844,70956359858,10000000,0,0,353,70956441314,166791
353,70956362130,70956526521,10000000,0,0,354,70956608126,166798
354,70956528781,70956694544,10000000,0,0,355,70956774934,166792
355,70956696872,70957026129,10000000,0,0,356,70957108467,166799
356,70957028359,70957186772,10000000,0,0,357,70957275349,166805
357,70957189012,70957351294,10000000,0,0,358,70957442154,166807
358,70957353457,70957527664,10000000,0,0,359,70957608967,166815
359,70957529797,70957688863,10000000,0,0,360,70957775766,166799
360,70957690993,70957849675,10000000,0,0,361,70957942564,166792
361,70957851948,70958027995,10000000,0,0,362,70958109376,166803
362,70958030199,70958192810,10000000,0,0,363,70958276177,166799
363,70958195118,70958353610,10000000,0,0,364,70958442984,166803
364,70958355690,70958839309,10000000,0,0,365,70958609789,166803
365,70958841649,70959345621,10000000,0,0,366,70959610599,166806
366,70959349348,70959842389,10000000,0,0,367,70960111002,166806
367,70959845790,70960030262,10000000,0,0,368,70960111002,166805
368,70960032488,70960189408,10000000,0,0,369,70960277794,166792
369,70960191556,70960358122,10000000,0,0,370,70960444605,166798
370,70960360382,70960527108,10000000,0,0,371,70960611393,166792
371,70960529309,70960693255,10000000,0,0,372,70960778206,166799
372,70960695664,70960857646,10000000,0,0,373,70960945014,166804
373,70960859898,70961028449,10000000,0,0,374,70961111822,166806
374,70961030586,70961192220,10000000,0,0,375,70961278646,166815
375,70961194463,70961358384,10000000,0,0,376,70961445435,166799
376,70961360558,70961528195,10000000,0,0,377,70961612232,166792
377,70961530404,70961690136,10000000,0,0,378,70961779048,166803
378,70961692286,70961860392,10000000,0,0,379,70961945848,166799
379,70961862656,70962037472,10000000,0,0,380,70962112657,166803
380,70962039651,70962195112,10000000,0,0,381,70962279462,166803
381,70962197577,70962359552,10000000,0,0,382,70962446264,166800
382,70962361755,70962533202,10000000,0,0,383,70962613083,166805
383,70962535236,70962689209,10000000,0,0,384,70962779888,166805
384,70962691384,70962862888,10000000,0,0,385,70962946690,166793
385,70962865057,70963037605,10000000,0,0,386,70963113501,166798
386,70963039786,70963195739,10000000,0,0,387,70963280292,166792
387,70963198155,70963368176,10000000,0,0,388,70963447104,166799
388,70963370598,70963534195,10000000,0,0,389,70963613902,166803
389,70963536551,70963695372,10000000,0,0,390,70963780709,166805
390,70963697722,70963862280,10000000,0,0,391,70963947512,166813
391,70963864562,70964033053,10000000,0,0,392,70964114304,166799
392,70964035271,70964190196,10000000,0,0,393,70964281104,166792
393,70964192325,70964359670,10000000,0,0,394,70964447920,166803
394,70964361882,70964533857,10000000,0,0,395,70964614721,166799
395,70964536065,70964691148,10000000,0,0,396,70964781530,166803
396,70964693353,70964859679,10000000,0,0,397,70964948331,166802
397,70964861800,70965037695,10000000,0,0,398,70965115135,166800
398,70965040274,70965191336,10000000,0,0,399,70965281943,166804
399,70965193438,70965359553,10000000,0,0,400,70965448750,166805
400,70965361796,70965534007,10000000,0,0,401,70965615545,166793
401,70965536210,70965693031,10000000,0,0,402,70965782355,166798
402,70965695210,70965862208,10000000,0,0,403,70965949153,166792
403,70965864442,70966033594,10000000,0,0,404,70966115965,166799
404,70966035775,70966193888,10000000,0,0,405,70966282783,166803
405,70966196054,70966360684,10000000,0,0,406,70966449590,166805
406,70966362874,70966536370,10000000,0,0,407,70966616412,166813
407,70966538509,70966696418,10000000,0,0,408,70966783203,166799
408,70966698678,70966861735,10000000,0,0,409,70966950000,166792
409,70966863925,70967037724,10000000,0,0,410,70967116816,166803
410,70967039844,70967197545,10000000,0,0,411,70967283626,166799
411,70967199693,70967361659,10000000,0,0,412,70967450435,166803
412,70967363870,70967536532,10000000,0,0,413,70967617227,166801
413,70967538749,70967700618,10000000,0,0,414,70967784031,166800
414,70967702866,70967860882,10000000,0,0,415,70967950830,166803
415,70967863056,70968037296,10000000,0,0,416,70968117637,166805
416,70968039467,70968198259,10000000,0,0,417,70968284437,166794
417,70968200640,70968626778,10000000,0,0,418,70968451246,166798
418,70968629167,70969307330,10000000,0,0,419,70969618856,166799
419,70969311082,70969864149,10000000,0,0,420,70969618862,166799
420,70969866535,70970032313,10000000,0,0,421,70970119271,166802
421,70970034560,70970208016,10000000,0,0,422,70970286088,166805
422,70970210200,70970361548,10000000,0,0,423,70970452900,166812
423,70970363655,70970532433,10000000,0,0,424,70970619690,166799
424,70970534580,70970706287,10000000,0,0,425,70970786489,166792
425,70970708483,70970862883,10000000,0,0,426,70970953304,166803
426,70970865094,70971030663,10000000,0,0,427,70971120105,166799
427,70971032918,70971207695,10000000,0,0,428,70971286923,166803
428,70971209928,70971365590,10000000,0,0,429,70971453726,166801
429,70971367752,70971531232,10000000,0,0,430,70971620530,166800
430,70971533455,70971707521,10000000,0,0,431,70971787338,166803
431,70971709709,70971865444,10000000,0,0,432,70971954143,166804
432,70971867606,70972034361,10000000,0,0,433,70972120934,166794
433,70972036568,70972208838,10000000,0,0,434,70972287756,166798
434,70972211064,70972366331,10000000,0,0,435,70972454555,166792
435,70972368537,70972533049,10000000,0,0,436,70972621366,166799
436,70972535201,70972710246,10000000,0,0,437,70972788175,166802
437,70972712437,70972866180,10000000,0,0,438,70972954981,166804
438,70972868304,70973032291,10000000,0,0,439,70973121793,166811
439,70973034508,70973214783,10000000,0,0,440,70973288589,166799
440,70973217191,70973648789,10000000,0,0,441,70973455387,166792
441,70973651120,70974194211,10000000,0,0,442,70974456209,166799
442,70974198340,70974815550,10000000,0,0,443,70975123426,166802
443,70974819507,70975032975,10000000,0,0,444,70975123429,166802
444,70975035156,70975201972,10000000,0,0,445,70975290241,166801
445,70975204307,70975376417,10000000,0,0,446,70975457045,166800
446,70975378616,70975537368,10000000,0,0,447,70975623856,166803
447,70975539637,70975701418,10000000,0,0,448,70975790662,166804
448,70975703576,70975878412,10000000,0,0,449,70975957456,166794
449,70975880654,70976032105,10000000,0,0,450,70976124266,166798
450,70976034286,70976203084,10000000,0,0,451,70976291073,166793
451,70976205221,70976380352,10000000,0,0,452,70976457885,166799
452,70976382683,70976535303,10000000,0,0,453,70976624693,166802
453,70976537510,70976701558,10000000,0,0,454,70976791500,166804
454,70976703721,70976879210,10000000,0,0,455,70976958310,166810
455,70976881474,70977036768,10000000,0,0,456,70977125105,166799
456,70977038893,70977202872,10000000,0,0,457,70977291911,166793
457,70977205134,70977377949,10000000,0,0,458,70977458724,166801
458,70977380106,70977536556,10000000,0,0,459,70977625518,166798
459,70977538711,70977704458,10000000,0,0,460,70977792327,166802
460,70977706674,70977879880,10000000,0,0,461,70977959131,166801
461,70977882036,70978039684,10000000,0,0,462,70978125936,166800
462,70978041833,70978202296,10000000,0,0,463,70978292751,166803
463,70978204404,70978377549,10000000,0,0,464,70978459557,166804
464,70978379839,70978540692,10000000,0,0,465,70978626352,166794
465,70978542869,70978702373,10000000,0,0,466,70978793161,166798
466,70978704576,70978879554,10000000,0,0,467,70978959960,166793
467,70978881761,70979040062,10000000,0,0,468,70979126772,166799
468,70979042204,70979206991,10000000,0,0,469,70979293587,166802
469,70979209214,70979377810,10000000,0,0,470,70979460394,166804
470,70979379944,70979539788,10000000,0,0,471,70979627204,166809
471,70979541934,70979711384,10000000,0,0,472,70979793999,166799
472,70979713604,70979879400,10000000,0,0,473,70979960797,166793
473,70979882241,70980040352,10000000,0,0,474,70980127610,166801
474,70980042508,70980210467,10000000,0,0,475,70980294412,166798
475,70980212616,70980380539,10000000,0,0,476,70980461221,166802
476,70980382775,70980538809,10000000,0,0,477,70980628024,166801
477,70980540978,70980708736,10000000,0,0,478,70980794829,166800
478,70980710939,70980878280,10000000,0,0,479,70980961636,166803
479,70980880504,70981040005,10000000,0,0,480,70981128442,166804
480,70981042157,70981208898,10000000,0,0,481,70981295246,166795
481,70981211113,70981379012,10000000,0,0,482,70981462054,166798
482,70981381196,70981541193,10000000,0,0,483,70981628854,166793
483,70981543325,70981711207,10000000,0,0,484,70981795665,166799
484,70981713379,70981883198,10000000,0,0,485,70981962472,166802
485,70981885357,70982042820,10000000,0,0,486,70982129279,166804
486,70982045012,70982212564,10000000,0,0,487,70982296096,166809
487,70982214761,70982379853,10000000,0,0,488,70982462891,166799
488,70982382010,70982550545,10000000,0,0,489,70982629637,166793
489,70982552920,70982703623,10000000,0,0,490,70982796494,166801
490,70982705934,70982878062,10000000,0,0,491,70982963024,166797
491,70982880376,70983044739,10000000,0,0,492,70983130095,166802
492,70983046997,70983212193,10000000,0,0,493,70983296899,166801
493,70983214352,70983692845,10000000,0,0,494,70983463704,166800
494,70983695130,70984204241,10000000,0,0,495,70983964110,166801
495,70984207945,70984699882,10000000,0,0,496,70984964927,166795
496,70984703926,70984883461,10000000,0,0,497,70984964937,166795
497,70984885782,70985043574,10000000,0,0,498,70985131739,166798
498,70985045657,70985211439,10000000,0,0,499,70985298539,166793
499,70985213710,70985389800,10000000,0,0,500,70985465352,166799
500,70985392006,70985547438,10000000,0,0,501,70985632160,166802
501,70985549647,70985711944,10000000,0,0,502,70985798967,166804
502,70985714153,70985885372,10000000,0,0,503,70985965776,166808
503,70985887532,70986041465,10000000,0,0,504,70986132572,166799
504,70986043593,70986212831,10000000,0,0,505,70986299371,166793
505,70986215120,70986385287,10000000,0,0,506,70986466184,166801
506,70986387521,70986542319,10000000,0,0,507,70986632985,166797
507,70986545355,70986710810,10000000,0,0,508,70986799794,166802
508,70986713055,70986883235,10000000,0,0,509,70986966598,166801
509,70986885394,70987041990,10000000,0,0,510,70987133400,166800
510,70987044220,70987212590,10000000,0,0,511,70987300206,166801
511,70987214839,70987388359,10000000,0,0,512,70987467014,166804
512,70987390574,70987542686,10000000,0,0,513,70987633810,166795
513,70987544753,70987714287,10000000,0,0,514,70987800625,166798
514,70987716478,70987884749,10000000,0,0,515,70987967425,166793
515,70987886878,70988045914,10000000,0,0,516,70988134231,166799
516,70988048192,70988213101,10000000,0,0,517,70988301039,166802
517,70988215381,70988700742,10000000,0,0,518,70988467837,166803
518,70988703154,70989205542,10000000,0,0,519,70989468651,166799
519,70989209469,70989700656,10000000,0,0,520,70989969056,166793
520,70989704582,70989887365,10000000,0,0,521,70989969068,166793
521,70989889543,70990047958,10000000,0,0,522,70990135881,166801
522,70990050033,70990213017,10000000,0,0,523,70990302682,166797
523,70990215171,70990387633,10000000,0,0,524,70990469487,166801
524,70990389859,70990550477,10000000,0,0,525,70990636292,166801
525,70990552658,70990712174,10000000,0,0,526,70990803106,166800
526,70990714404,70990887015,10000000,0,0,527,70990969912,166801
527,70990889181,70991051518,10000000,0,0,528,70991136723,166804
528,70991053735,70991214108,10000000,0,0,529,70991303519,166795
529,70991216353,70991388575,10000000,0,0,530,70991470322,166798
530,70991390765,70991550570,10000000,0,0,531,70991637122,166793
531,70991552674,70991721006,10000000,0,0,532,70991803936,166799
532,70991724428,70991887464,10000000,0,0,533,70991970744,166802
533,70991889825,70992049453,10000000,0,0,534,70992137545,166802
534,70992051619,70992213273,10000000,0,0,535,70992304353,166805
535,70992215421,70992389327,10000000,0,0,536,70992471143,166798
536,70992391508,70992550269,10000000,0,0,537,70992637943,166793
537,70992552465,70992720314,10000000,0,0,538,70992804766,166801
538,70992722437,70992893097,10000000,0,0,539,70992971567,166797
539,70992895357,70993051961,10000000,0,0,540,70993138374,166801
540,70993054133,70993218639,10000000,0,0,541,70993305179,166801
541,70993220795,70993703341,10000000,0,0,542,70993471983,166800
542,70993705720,70994208609,10000000,0,0,543,70994472797,166803
543,70994212211,70994705865,10000000,0,0,544,70994973192,166795
544,70994709859,70994888411,10000000,0,0,545,70994973202,166795
545,70994890568,70995049640,10000000,0,0,546,70995140013,166798
546,70995051868,70995220995,10000000,0,0,547,70995306813,166793
547,70995223122,70995393395,10000000,0,0,548,70995473623,166799
548,70995395622,70995552101,10000000,0,0,549,70995640431,166802
549,70995554352,70995719053,10000000,0,0,550,70995807246,166802
550,70995721227,70995890022,10000000,0,0,551,70995974054,166805
551,70995892220,70996051639,10000000,0,0,552,70996140855,166798
552,70996053786,70996220964,10000000,0,0,553,70996307655,166793
553,70996223144,70996391579,10000000,0,0,554,70996474462,166800
554,70996393761,70996551906,10000000,0,0,555,70996641264,166797
555,70996554109,70996721585,10000000,0,0,556,70996808077,166801
556,70996723739,70996893085,10000000,0,0,557,70996974882,166801
557,70996895297,70997052954,10000000,0,0,558,70997141686,166800
558,70997055115,70997227227,10000000,0,0,559,70997308491,166800
559,70997229447,70997400942,10000000,0,0,560,70997475297,166802
560,70997403161,70997555408,10000000,0,0,561,70997642095,166795
561,70997557573,70997721059,10000000,0,0,562,70997808909,166798
562,70997723212,70997899087,10000000,0,0,563,70997975709,166793
563,70997901362,70998051615,10000000,0,0,564,70998142515,166799
564,70998053812,70998220502,10000000,0,0,565,70998309323,166802
565,70998222622,70998394843,10000000,0,0,566,70998476127,166802
566,70998397051,70998552569,10000000,0,0,567,70998642935,166805
567,70998554742,70998721385,10000000,0,0,568,70998809724,166797
568,70998723524,70998898017,10000000,0,0,569,70998976525,166793
569,70998900231,70999052177,10000000,0,0,570,70999143340,166800
570,70999055281,70999223557,10000000,0,0,571,70999310142,166797
571,70999225831,70999398063,10000000,0,0,572,70999476949,166801
572,70999400376,70999553984,10000000,0,0,573,70999643754,166801
573,70999556258,70999722879,10000000,0,0,574,70999810565,166800
574,70999725032,70999900545,10000000,0,0,575,70999977370,166800
575,70999902774,71000053947,10000000,0,0,576,71000144177,166802
576,71000056122,71000221522,10000000,0,0,577,71000310975,166795
577,71000223720,71000398407,10000000,0,0,578,71000477773,166797
578,71000400560,71000552247,10000000,0,0,579,71000644574,166793
579,71000554456,71000721294,10000000,0,0,580,71000811388,166799
580,71000723575,71000900204,10000000,0,0,581,71000978196,166802
581,71000902461,71001053635,10000000,0,0,582,71001145003,166802
582,71001055733,71001222893,10000000,0,0,583,71001311811,166805
583,71001225095,71001399792,10000000,0,0,584,71001478610,166797
584,71001401992,71001563718,10000000,0,0,585,71001645411,166793
585,71001565912,71001720116,10000000,0,0,586,71001812221,166800
586,71001722291,71001899520,10000000,0,0,587,71001979023,166797
587,71001901756,71002059898,10000000,0,0,588,71002145835,166801
588,71002062033,71002224171,10000000,0,0,589,71002312640,166801
589,71002226289,71002396790,10000000,0,0,590,71002479439,166800
590,71002398893,71002560892,10000000,0,0,591,71002646244,166800
591,71002562982,71002726043,10000000,0,0,592,71002813057,166802
592,71002728276,71002900828,10000000,0,0,593,71002979855,166795
593,71002902974,71003058653,10000000,0,0,594,71003146664,166797
594,71003060805,71003225167,10000000,0,0,595,71003313465,166793
595,71003227354,71003401580,10000000,0,0,596,71003480279,166799
596,71003403813,71003562256,10000000,0,0,597,71003647087,166802
597,71003564458,71003720711,10000000,0,0,598,71003813890,166802
598,71003722865,71003898810,10000000,0,0,599,71003980698,166805
599,71003900986,71004062674,10000000,0,0,600,71004147491,166797
600,71004064903,71004230144,10000000,0,0,601,71004314292,166793
