case	status	duration_us	source
dEQP-VK.sparse_resources.buffer.index_buffer.device_group_sparse_binding	NotSupported	445872	cts-sparse-full151-collected
dEQP-VK.sparse_resources.buffer.index_buffer.device_group_sparse_binding_aliased	NotSupported	452066	cts-sparse-full151-collected
dEQP-VK.sparse_resources.buffer.index_buffer.device_group_sparse_residency	NotSupported	409068	cts-sparse-full151-collected
dEQP-VK.sparse_resources.buffer.index_buffer.device_group_sparse_residency_aliased	NotSupported	420399	cts-sparse-full151-collected
dEQP-VK.sparse_resources.buffer.index_buffer.sparse_binding	Pass	442741	cts-sparse-full151-collected
dEQP-VK.sparse_resources.buffer.index_buffer.sparse_binding_aliased	Pass	454767	cts-sparse-full151-collected
dEQP-VK.sparse_resources.buffer.index_buffer.sparse_residency	Pass	452619	cts-sparse-full151-collected
dEQP-VK.sparse_resources.buffer.index_buffer.sparse_residency_aliased	Pass	446804	cts-sparse-full151-collected
dEQP-VK.sparse_resources.buffer.indirect_buffer.device_group_sparse_binding	NotSupported	395921	cts-sparse-full151-collected
dEQP-VK.sparse_resources.buffer.indirect_buffer.device_group_sparse_binding_aliased	NotSupported	424252	cts-sparse-full151-collected
dEQP-VK.sparse_resources.buffer.indirect_buffer.device_group_sparse_residency	NotSupported	502664	cts-sparse-full151-collected
dEQP-VK.sparse_resources.buffer.indirect_buffer.device_group_sparse_residency_aliased	NotSupported	448494	cts-sparse-full151-collected
dEQP-VK.sparse_resources.buffer.indirect_buffer.sparse_binding	Pass	458492	cts-sparse-full151-collected
dEQP-VK.sparse_resources.buffer.indirect_buffer.sparse_binding_aliased	Pass	423615	cts-sparse-full151-collected
dEQP-VK.sparse_resources.buffer.indirect_buffer.sparse_residency	Pass	417811	cts-sparse-full151-collected
dEQP-VK.sparse_resources.buffer.indirect_buffer.sparse_residency_aliased	Pass	421003	cts-sparse-full151-collected
dEQP-VK.sparse_resources.buffer.indirect_dispatch.sparse_residency	Pass	384396	cts-sparse-full151-collected
dEQP-VK.sparse_resources.buffer.memory_copy_indirect.sparse_binding	Pass	425608	cts-sparse-full151-collected
dEQP-VK.sparse_resources.buffer.memory_copy_indirect.sparse_binding_aliased	Pass	421290	cts-sparse-full151-collected
dEQP-VK.sparse_resources.buffer.memory_copy_indirect.sparse_residency	Pass	437544	cts-sparse-full151-collected
dEQP-VK.sparse_resources.buffer.memory_copy_indirect.sparse_residency_aliased	Pass	438194	cts-sparse-full151-collected
dEQP-VK.sparse_resources.buffer.misc.null_address_read	Pass	381529	cts-sparse-full151-collected
dEQP-VK.sparse_resources.buffer.misc.null_address_read_descriptors	Pass	377580	cts-sparse-full151-collected
dEQP-VK.sparse_resources.buffer.misc.null_address_read_descriptors_map_first	Pass	393371	cts-sparse-full151-collected
dEQP-VK.sparse_resources.buffer.misc.null_address_read_local_inv_idx	Pass	395816	cts-sparse-full151-collected
dEQP-VK.sparse_resources.buffer.misc.null_address_read_local_inv_idx_descriptors	Pass	406112	cts-sparse-full151-collected
dEQP-VK.sparse_resources.buffer.misc.null_address_read_local_inv_idx_descriptors_map_first	Pass	420130	cts-sparse-full151-collected
dEQP-VK.sparse_resources.buffer.misc.null_address_read_local_inv_idx_map_first	Pass	413646	cts-sparse-full151-collected
dEQP-VK.sparse_resources.buffer.misc.null_address_read_map_first	Pass	427941	cts-sparse-full151-collected
dEQP-VK.sparse_resources.buffer.misc.null_address_write	Pass	445253	cts-sparse-full151-collected
dEQP-VK.sparse_resources.buffer.misc.null_address_write_descriptors	Pass	441010	cts-sparse-full151-collected
dEQP-VK.sparse_resources.buffer.misc.null_address_write_descriptors_map_first	Pass	435654	cts-sparse-full151-collected
dEQP-VK.sparse_resources.buffer.misc.null_address_write_local_inv_idx	Pass	424165	cts-sparse-full151-collected
dEQP-VK.sparse_resources.buffer.misc.null_address_write_local_inv_idx_descriptors	Pass	429340	cts-sparse-full151-collected
dEQP-VK.sparse_resources.buffer.misc.null_address_write_local_inv_idx_descriptors_map_first	Pass	441415	cts-sparse-full151-collected
dEQP-VK.sparse_resources.buffer.misc.null_address_write_local_inv_idx_map_first	Pass	436716	cts-sparse-full151-collected
dEQP-VK.sparse_resources.buffer.misc.null_address_write_map_first	Pass	432775	cts-sparse-full151-collected
dEQP-VK.sparse_resources.buffer.ssbo.device_group_sparse_binding_aliased.buffer_size_2_10	NotSupported	168147	cts-sparse-full151-collected
dEQP-VK.sparse_resources.buffer.ssbo.device_group_sparse_binding_aliased.buffer_size_2_12	NotSupported	168441	cts-sparse-full151-collected
dEQP-VK.sparse_resources.buffer.ssbo.device_group_sparse_binding_aliased.buffer_size_2_16	NotSupported	171629	cts-sparse-full151-collected
dEQP-VK.sparse_resources.buffer.ssbo.device_group_sparse_binding_aliased.buffer_size_2_17	NotSupported	167805	cts-sparse-full151-collected
dEQP-VK.sparse_resources.buffer.ssbo.device_group_sparse_binding_aliased.buffer_size_2_20	NotSupported	181121	cts-sparse-full151-collected
dEQP-VK.sparse_resources.buffer.ssbo.device_group_sparse_binding_aliased.buffer_size_2_24	NotSupported	176562	cts-sparse-full151-collected
dEQP-VK.sparse_resources.buffer.ssbo.device_group_sparse_residency.buffer_size_2_10	NotSupported	175744	cts-sparse-full151-collected
dEQP-VK.sparse_resources.buffer.ssbo.device_group_sparse_residency.buffer_size_2_12	NotSupported	168402	cts-sparse-full151-collected
dEQP-VK.sparse_resources.buffer.ssbo.device_group_sparse_residency.buffer_size_2_16	NotSupported	175347	cts-sparse-full151-collected
dEQP-VK.sparse_resources.buffer.ssbo.device_group_sparse_residency.buffer_size_2_17	NotSupported	169103	cts-sparse-full151-collected
dEQP-VK.sparse_resources.buffer.ssbo.device_group_sparse_residency.buffer_size_2_20	NotSupported	174460	cts-sparse-full151-collected
dEQP-VK.sparse_resources.buffer.ssbo.device_group_sparse_residency.buffer_size_2_24	NotSupported	182018	cts-sparse-full151-collected
dEQP-VK.sparse_resources.buffer.ssbo.read_write.sparse_residency_non_resident_strict	Pass	512074	cts-sparse-full151-collected
dEQP-VK.sparse_resources.buffer.ssbo.sparse_binding_aliased.buffer_size_2_10	Pass	173122	cts-sparse-full151-collected
dEQP-VK.sparse_resources.buffer.ssbo.sparse_binding_aliased.buffer_size_2_12	Pass	172511	cts-sparse-full151-collected
dEQP-VK.sparse_resources.buffer.ssbo.sparse_binding_aliased.buffer_size_2_16	Pass	175154	cts-sparse-full151-collected
dEQP-VK.sparse_resources.buffer.ssbo.sparse_binding_aliased.buffer_size_2_17	Pass	176853	cts-sparse-full151-collected
dEQP-VK.sparse_resources.buffer.ssbo.sparse_binding_aliased.buffer_size_2_20	Pass	198884	cts-sparse-full151-collected
dEQP-VK.sparse_resources.buffer.ssbo.sparse_binding_aliased.buffer_size_2_24	Pass	558841	cts-sparse-full151-collected
dEQP-VK.sparse_resources.buffer.ssbo.sparse_residency.buffer_size_2_10	Pass	184736	cts-sparse-full151-collected
dEQP-VK.sparse_resources.buffer.ssbo.sparse_residency.buffer_size_2_12	Pass	190760	cts-sparse-full151-collected
dEQP-VK.sparse_resources.buffer.ssbo.sparse_residency.buffer_size_2_16	Pass	213186	cts-sparse-full151-collected
dEQP-VK.sparse_resources.buffer.ssbo.sparse_residency.buffer_size_2_17	Pass	207958	cts-sparse-full151-collected
dEQP-VK.sparse_resources.buffer.ssbo.sparse_residency.buffer_size_2_20	Pass	253855	cts-sparse-full151-collected
dEQP-VK.sparse_resources.buffer.ssbo.sparse_residency.buffer_size_2_24	Pass	747173	cts-sparse-full151-collected
dEQP-VK.sparse_resources.buffer.ssbo.sparse_residency.non_resident_buffer_copy_src_alloc_none_1024	Pass	221955	cts-sparse-full151-collected
dEQP-VK.sparse_resources.buffer.ssbo.sparse_residency.non_resident_buffer_copy_src_alloc_none_16777216	Pass	352682	cts-sparse-full151-collected
dEQP-VK.sparse_resources.buffer.ssbo.sparse_residency.non_resident_buffer_copy_src_alloc_none_65536	Pass	216482	cts-sparse-full151-collected
dEQP-VK.sparse_resources.buffer.ssbo.sparse_residency.non_resident_buffer_copy_src_alloc_partial_1024	Pass	190696	cts-sparse-full151-collected
dEQP-VK.sparse_resources.buffer.ssbo.sparse_residency.non_resident_buffer_copy_src_alloc_partial_16777216	Pass	639121	cts-sparse-full151-collected
dEQP-VK.sparse_resources.buffer.ssbo.sparse_residency.non_resident_buffer_copy_src_alloc_partial_65536	Pass	210131	cts-sparse-full151-collected
dEQP-VK.sparse_resources.buffer.ssbo.sparse_residency.non_resident_buffer_fill_alloc_none_1024	Pass	202071	cts-sparse-full151-collected
dEQP-VK.sparse_resources.buffer.ssbo.sparse_residency.non_resident_buffer_fill_alloc_none_16777216	Pass	344548	cts-sparse-full151-collected
dEQP-VK.sparse_resources.buffer.ssbo.sparse_residency.non_resident_buffer_fill_alloc_none_65536	Pass	198066	cts-sparse-full151-collected
dEQP-VK.sparse_resources.buffer.ssbo.sparse_residency.non_resident_buffer_fill_alloc_partial_1024	Pass	215028	cts-sparse-full151-collected
dEQP-VK.sparse_resources.buffer.ssbo.sparse_residency.non_resident_buffer_fill_alloc_partial_16777216	Pass	580502	cts-sparse-full151-collected
dEQP-VK.sparse_resources.buffer.ssbo.sparse_residency.non_resident_buffer_fill_alloc_partial_65536	Pass	212840	cts-sparse-full151-collected
dEQP-VK.sparse_resources.buffer.ssbo.sparse_residency.non_resident_buffer_multi_copy	Pass	195126	cts-sparse-full151-collected
dEQP-VK.sparse_resources.buffer.ssbo.sparse_residency.non_resident_buffer_strict_copy_dest_alloc_none_1024	Pass	485547	cts-sparse-full151-collected
dEQP-VK.sparse_resources.buffer.ssbo.sparse_residency.non_resident_buffer_strict_copy_dest_alloc_none_16777216	Pass	583594	cts-sparse-full151-collected
dEQP-VK.sparse_resources.buffer.ssbo.sparse_residency.non_resident_buffer_strict_copy_dest_alloc_none_65536	Pass	465426	cts-sparse-full151-collected
dEQP-VK.sparse_resources.buffer.ssbo.sparse_residency.non_resident_buffer_strict_copy_dest_alloc_partial_1024	Pass	440301	cts-sparse-full151-collected
dEQP-VK.sparse_resources.buffer.ssbo.sparse_residency.non_resident_buffer_strict_copy_dest_alloc_partial_16777216	Pass	660156	cts-sparse-full151-collected
dEQP-VK.sparse_resources.buffer.ssbo.sparse_residency.non_resident_buffer_strict_copy_dest_alloc_partial_65536	Pass	444744	cts-sparse-full151-collected
dEQP-VK.sparse_resources.buffer.ssbo.sparse_residency.non_resident_buffer_strict_copy_src_alloc_none_1024	Pass	181486	cts-sparse-full151-collected
dEQP-VK.sparse_resources.buffer.ssbo.sparse_residency.non_resident_buffer_strict_copy_src_alloc_none_16777216	Pass	668843	cts-sparse-full151-collected
dEQP-VK.sparse_resources.buffer.ssbo.sparse_residency.non_resident_buffer_strict_copy_src_alloc_none_65536	Pass	217536	cts-sparse-full151-collected
dEQP-VK.sparse_resources.buffer.ssbo.sparse_residency.non_resident_buffer_strict_copy_src_alloc_partial_1024	Pass	242452	cts-sparse-full151-collected
dEQP-VK.sparse_resources.buffer.ssbo.sparse_residency.non_resident_buffer_strict_copy_src_alloc_partial_16777216	Pass	785939	cts-sparse-full151-collected
dEQP-VK.sparse_resources.buffer.ssbo.sparse_residency.non_resident_buffer_strict_copy_src_alloc_partial_65536	Pass	217144	cts-sparse-full151-collected
dEQP-VK.sparse_resources.buffer.ssbo.sparse_residency.non_resident_buffer_strict_fill_alloc_none_1024	Pass	180411	cts-sparse-full151-collected
dEQP-VK.sparse_resources.buffer.ssbo.sparse_residency.non_resident_buffer_strict_fill_alloc_none_16777216	Pass	630432	cts-sparse-full151-collected
dEQP-VK.sparse_resources.buffer.ssbo.sparse_residency.non_resident_buffer_strict_fill_alloc_none_65536	Pass	183056	cts-sparse-full151-collected
dEQP-VK.sparse_resources.buffer.ssbo.sparse_residency.non_resident_buffer_strict_fill_alloc_partial_1024	Pass	180869	cts-sparse-full151-collected
dEQP-VK.sparse_resources.buffer.ssbo.sparse_residency.non_resident_buffer_strict_fill_alloc_partial_16777216	Pass	724315	cts-sparse-full151-collected
dEQP-VK.sparse_resources.buffer.ssbo.sparse_residency.non_resident_buffer_strict_fill_alloc_partial_65536	Pass	202212	cts-sparse-full151-collected
dEQP-VK.sparse_resources.buffer.ssbo.sparse_residency.non_resident_buffer_strict_multi_copy	Pass	194163	cts-sparse-full151-collected
dEQP-VK.sparse_resources.buffer.ssbo.sparse_residency.non_resident_buffer_strict_update_alloc_none_1024	Pass	215154	cts-sparse-full151-collected
dEQP-VK.sparse_resources.buffer.ssbo.sparse_residency.non_resident_buffer_strict_update_alloc_none_16777216	Pass	672342	cts-sparse-full151-collected
dEQP-VK.sparse_resources.buffer.ssbo.sparse_residency.non_resident_buffer_strict_update_alloc_none_65536	Pass	215896	cts-sparse-full151-collected
dEQP-VK.sparse_resources.buffer.ssbo.sparse_residency.non_resident_buffer_strict_update_alloc_partial_1024	Pass	193366	cts-sparse-full151-collected
dEQP-VK.sparse_resources.buffer.ssbo.sparse_residency.non_resident_buffer_strict_update_alloc_partial_16777216	Pass	760651	cts-sparse-full151-collected
dEQP-VK.sparse_resources.buffer.ssbo.sparse_residency.non_resident_buffer_strict_update_alloc_partial_65536	Pass	215678	cts-sparse-full151-collected
dEQP-VK.sparse_resources.buffer.ssbo.sparse_residency.non_resident_buffer_update_alloc_none_1024	Pass	196761	cts-sparse-full151-collected
dEQP-VK.sparse_resources.buffer.ssbo.sparse_residency.non_resident_buffer_update_alloc_none_16777216	Pass	362298	cts-sparse-full151-collected
dEQP-VK.sparse_resources.buffer.ssbo.sparse_residency.non_resident_buffer_update_alloc_none_65536	Pass	208227	cts-sparse-full151-collected
dEQP-VK.sparse_resources.buffer.ssbo.sparse_residency.non_resident_buffer_update_alloc_partial_1024	Pass	211150	cts-sparse-full151-collected
dEQP-VK.sparse_resources.buffer.ssbo.sparse_residency.non_resident_buffer_update_alloc_partial_16777216	Pass	599349	cts-sparse-full151-collected
dEQP-VK.sparse_resources.buffer.ssbo.sparse_residency.non_resident_buffer_update_alloc_partial_65536	Pass	207318	cts-sparse-full151-collected
dEQP-VK.sparse_resources.buffer.texel_buffers.sparse_residency.storage_texel_buffer_read_size_2_10_r32ui	Pass	456436	cts-sparse-full151-collected
dEQP-VK.sparse_resources.buffer.texel_buffers.sparse_residency.storage_texel_buffer_read_size_2_10_r32ui_strict	Pass	408541	cts-sparse-full151-collected
dEQP-VK.sparse_resources.buffer.texel_buffers.sparse_residency.storage_texel_buffer_read_size_2_10_r64ui	Pass	429893	cts-sparse-full151-collected
dEQP-VK.sparse_resources.buffer.texel_buffers.sparse_residency.storage_texel_buffer_read_size_2_10_r64ui_strict	Pass	421592	cts-sparse-full151-collected
dEQP-VK.sparse_resources.buffer.texel_buffers.sparse_residency.storage_texel_buffer_read_size_2_16_r32ui	Pass	420181	cts-sparse-full151-collected
dEQP-VK.sparse_resources.buffer.texel_buffers.sparse_residency.storage_texel_buffer_read_size_2_16_r32ui_strict	Pass	416712	cts-sparse-full151-collected
dEQP-VK.sparse_resources.buffer.texel_buffers.sparse_residency.storage_texel_buffer_read_size_2_16_r64ui	Pass	423082	cts-sparse-full151-collected
dEQP-VK.sparse_resources.buffer.texel_buffers.sparse_residency.storage_texel_buffer_read_size_2_16_r64ui_strict	Pass	427678	cts-sparse-full151-collected
dEQP-VK.sparse_resources.buffer.texel_buffers.sparse_residency.storage_texel_buffer_read_size_2_24_r32ui	Pass	785587	cts-sparse-full151-collected
dEQP-VK.sparse_resources.buffer.texel_buffers.sparse_residency.storage_texel_buffer_read_size_2_24_r32ui_strict	Pass	944395	cts-sparse-full151-collected
dEQP-VK.sparse_resources.buffer.texel_buffers.sparse_residency.storage_texel_buffer_read_size_2_24_r64ui	Pass	758352	cts-sparse-full151-collected
dEQP-VK.sparse_resources.buffer.texel_buffers.sparse_residency.storage_texel_buffer_read_size_2_24_r64ui_strict	Pass	951374	cts-sparse-full151-collected
dEQP-VK.sparse_resources.buffer.texel_buffers.sparse_residency.storage_texel_buffer_sparse_read_size_2_10_r32ui	Pass	22226	cts-sparse-full151-collected
dEQP-VK.sparse_resources.buffer.texel_buffers.sparse_residency.storage_texel_buffer_sparse_read_size_2_10_r32ui_strict	Pass	22406	cts-sparse-full151-collected
dEQP-VK.sparse_resources.buffer.texel_buffers.sparse_residency.storage_texel_buffer_sparse_read_size_2_10_r64ui	Pass	23059	cts-sparse-full151-collected
dEQP-VK.sparse_resources.buffer.texel_buffers.sparse_residency.storage_texel_buffer_sparse_read_size_2_10_r64ui_strict	Pass	23475	cts-sparse-full151-collected
dEQP-VK.sparse_resources.buffer.texel_buffers.sparse_residency.storage_texel_buffer_sparse_read_size_2_16_r32ui	Pass	24979	cts-sparse-full151-collected
dEQP-VK.sparse_resources.buffer.texel_buffers.sparse_residency.storage_texel_buffer_sparse_read_size_2_16_r32ui_strict	Pass	24688	cts-sparse-full151-collected
dEQP-VK.sparse_resources.buffer.texel_buffers.sparse_residency.storage_texel_buffer_sparse_read_size_2_16_r64ui	Pass	25897	cts-sparse-full151-collected
dEQP-VK.sparse_resources.buffer.texel_buffers.sparse_residency.storage_texel_buffer_sparse_read_size_2_16_r64ui_strict	Pass	25316	cts-sparse-full151-collected
dEQP-VK.sparse_resources.buffer.texel_buffers.sparse_residency.storage_texel_buffer_sparse_read_size_2_24_r32ui	Pass	2730051	cts-sparse-full151-collected
dEQP-VK.sparse_resources.buffer.texel_buffers.sparse_residency.storage_texel_buffer_sparse_read_size_2_24_r32ui_strict	Pass	2719768	cts-sparse-full151-collected
dEQP-VK.sparse_resources.buffer.texel_buffers.sparse_residency.storage_texel_buffer_sparse_read_size_2_24_r64ui	Pass	532340	cts-sparse-full151-collected
dEQP-VK.sparse_resources.buffer.texel_buffers.sparse_residency.storage_texel_buffer_sparse_read_size_2_24_r64ui_strict	Pass	536732	cts-sparse-full151-collected
dEQP-VK.sparse_resources.buffer.texel_buffers.sparse_residency.uniform_texel_buffer_read_size_2_10_r32ui	Pass	430270	cts-sparse-full151-collected
dEQP-VK.sparse_resources.buffer.texel_buffers.sparse_residency.uniform_texel_buffer_read_size_2_10_r32ui_strict	Pass	432949	cts-sparse-full151-collected
dEQP-VK.sparse_resources.buffer.texel_buffers.sparse_residency.uniform_texel_buffer_read_size_2_16_r32ui	Pass	434484	cts-sparse-full151-collected
dEQP-VK.sparse_resources.buffer.texel_buffers.sparse_residency.uniform_texel_buffer_read_size_2_16_r32ui_strict	Pass	445672	cts-sparse-full151-collected
dEQP-VK.sparse_resources.buffer.texel_buffers.sparse_residency.uniform_texel_buffer_read_size_2_24_r32ui	Pass	762717	cts-sparse-full151-collected
dEQP-VK.sparse_resources.buffer.texel_buffers.sparse_residency.uniform_texel_buffer_read_size_2_24_r32ui_strict	Pass	940607	cts-sparse-full151-collected
dEQP-VK.sparse_resources.buffer.texel_buffers.sparse_residency.uniform_texel_buffer_sparse_fetch_size_2_10_r32ui	Pass	23783	cts-sparse-full151-collected
dEQP-VK.sparse_resources.buffer.texel_buffers.sparse_residency.uniform_texel_buffer_sparse_fetch_size_2_10_r32ui_strict	Pass	30726	cts-sparse-full151-collected
dEQP-VK.sparse_resources.buffer.texel_buffers.sparse_residency.uniform_texel_buffer_sparse_fetch_size_2_16_r32ui	Pass	24091	cts-sparse-full151-collected
dEQP-VK.sparse_resources.buffer.texel_buffers.sparse_residency.uniform_texel_buffer_sparse_fetch_size_2_16_r32ui_strict	Pass	24391	cts-sparse-full151-collected
dEQP-VK.sparse_resources.buffer.texel_buffers.sparse_residency.uniform_texel_buffer_sparse_fetch_size_2_24_r32ui	Pass	2728065	cts-sparse-full151-collected
dEQP-VK.sparse_resources.buffer.texel_buffers.sparse_residency.uniform_texel_buffer_sparse_fetch_size_2_24_r32ui_strict	Pass	2749165	cts-sparse-full151-collected
dEQP-VK.sparse_resources.buffer.transfer.device_group_sparse_binding.buffer_size_2_10	NotSupported	14635	cts-sparse-full151-collected
dEQP-VK.sparse_resources.buffer.transfer.device_group_sparse_binding.buffer_size_2_12	NotSupported	14765	cts-sparse-full151-collected
dEQP-VK.sparse_resources.buffer.transfer.device_group_sparse_binding.buffer_size_2_16	NotSupported	14902	cts-sparse-full151-collected
dEQP-VK.sparse_resources.buffer.transfer.device_group_sparse_binding.buffer_size_2_17	NotSupported	25293	cts-sparse-full151-collected
dEQP-VK.sparse_resources.buffer.transfer.device_group_sparse_binding.buffer_size_2_20	NotSupported	14426	cts-sparse-full151-collected
dEQP-VK.sparse_resources.buffer.transfer.device_group_sparse_binding.buffer_size_2_24	NotSupported	15260	cts-sparse-full151-collected
dEQP-VK.sparse_resources.buffer.transfer.rebind.buffer_size_2_16	NotSupported	8072	cts-sparse-full151-collected
dEQP-VK.sparse_resources.buffer.transfer.rebind.buffer_size_2_18	Pass	26238	cts-sparse-full151-collected
dEQP-VK.sparse_resources.buffer.transfer.rebind.buffer_size_2_20	Pass	44286	cts-sparse-full151-collected
dEQP-VK.sparse_resources.buffer.transfer.rebind.buffer_size_2_24	Pass	439169	cts-sparse-full151-collected
dEQP-VK.sparse_resources.buffer.transfer.sparse_binding.buffer_size_2_10	Pass	12064	cts-sparse-full151-collected
dEQP-VK.sparse_resources.buffer.transfer.sparse_binding.buffer_size_2_12	Pass	17759	cts-sparse-full151-collected
dEQP-VK.sparse_resources.buffer.transfer.sparse_binding.buffer_size_2_16	Pass	19127	cts-sparse-full151-collected
dEQP-VK.sparse_resources.buffer.transfer.sparse_binding.buffer_size_2_17	Pass	21082	cts-sparse-full151-collected
dEQP-VK.sparse_resources.buffer.transfer.sparse_binding.buffer_size_2_20	Pass	45626	cts-sparse-full151-collected
dEQP-VK.sparse_resources.buffer.transfer.sparse_binding.buffer_size_2_24	Pass	497376	cts-sparse-full151-collected
dEQP-VK.sparse_resources.buffer.transform_feedback.sparse_residency	Pass	441777	cts-sparse-full151-collected
dEQP-VK.sparse_resources.buffer.ubo.device_group_sparse_binding	NotSupported	436395	cts-sparse-full151-collected
dEQP-VK.sparse_resources.buffer.ubo.device_group_sparse_binding_aliased	NotSupported	421781	cts-sparse-full151-collected
dEQP-VK.sparse_resources.buffer.ubo.device_group_sparse_residency	NotSupported	445623	cts-sparse-full151-collected
dEQP-VK.sparse_resources.buffer.ubo.device_group_sparse_residency_aliased	NotSupported	423485	cts-sparse-full151-collected
dEQP-VK.sparse_resources.buffer.ubo.device_group_sparse_residency_non_resident_strict	NotSupported	444378	cts-sparse-full151-collected
dEQP-VK.sparse_resources.buffer.ubo.sparse_binding	Pass	469527	cts-sparse-full151-collected
dEQP-VK.sparse_resources.buffer.ubo.sparse_binding_aliased	Pass	475806	cts-sparse-full151-collected
dEQP-VK.sparse_resources.buffer.ubo.sparse_residency	Pass	485620	cts-sparse-full151-collected
dEQP-VK.sparse_resources.buffer.ubo.sparse_residency_aliased	Pass	496831	cts-sparse-full151-collected
dEQP-VK.sparse_resources.buffer.ubo.sparse_residency_non_resident_strict	Pass	482975	cts-sparse-full151-collected
dEQP-VK.sparse_resources.buffer.vertex_buffer.device_group_sparse_binding	NotSupported	443869	cts-sparse-full151-collected
dEQP-VK.sparse_resources.buffer.vertex_buffer.device_group_sparse_binding_aliased	NotSupported	508110	cts-sparse-full151-collected
dEQP-VK.sparse_resources.buffer.vertex_buffer.device_group_sparse_residency	NotSupported	459400	cts-sparse-full151-collected
dEQP-VK.sparse_resources.buffer.vertex_buffer.device_group_sparse_residency_aliased	NotSupported	426478	cts-sparse-full151-collected
dEQP-VK.sparse_resources.buffer.vertex_buffer.sparse_binding	Pass	411907	cts-sparse-full151-collected
dEQP-VK.sparse_resources.buffer.vertex_buffer.sparse_binding_aliased	Pass	421826	cts-sparse-full151-collected
dEQP-VK.sparse_resources.buffer.vertex_buffer.sparse_residency	Pass	411669	cts-sparse-full151-collected
dEQP-VK.sparse_resources.buffer.vertex_buffer.sparse_residency_aliased	Pass	426999	cts-sparse-full151-collected
dEQP-VK.sparse_resources.image_rebind.2d.rgba8.128_128_1	NotSupported	3864	cts-sparse-images2-collected
dEQP-VK.sparse_resources.image_rebind.2d.rgba8.503_137_1	Pass	80718	cts-sparse-images2-collected
dEQP-VK.sparse_resources.image_rebind.2d.rgba8.512_256_1	Pass	141759	cts-sparse-images2-collected
dEQP-VK.sparse_resources.image_sparse_binding.multiple_sparse_memory_bind.2d.rgba8.1024_128_1	Pass	21294	cts-sparse-images2-collected
dEQP-VK.sparse_resources.image_sparse_binding.multiple_sparse_memory_bind.2d.rgba8.11_137_1	Pass	14766	cts-sparse-images2-collected
dEQP-VK.sparse_resources.image_sparse_binding.multiple_sparse_memory_bind.2d.rgba8.512_256_1	Pass	20509	cts-sparse-images2-collected
dEQP-VK.sparse_resources.image_sparse_memory_aliasing.2d.rgba8.11_37_1	Pass	82435	cts-sparse-images2-collected
dEQP-VK.sparse_resources.image_sparse_memory_aliasing.2d.rgba8.128_128_1	Pass	95809	cts-sparse-images2-collected
dEQP-VK.sparse_resources.image_sparse_memory_aliasing.2d.rgba8.503_137_1	Pass	106783	cts-sparse-images2-collected
dEQP-VK.sparse_resources.image_sparse_memory_aliasing.2d.rgba8.512_256_1	Pass	118160	cts-sparse-images2-collected
dEQP-VK.sparse_resources.image_sparse_residency.2d.rgba8.1024_128_1	Pass	180781	cts-sparse-images2-collected
dEQP-VK.sparse_resources.image_sparse_residency.2d.rgba8.11_137_1	Pass	69972	cts-sparse-images2-collected
dEQP-VK.sparse_resources.image_sparse_residency.2d.rgba8.512_256_1	Pass	176954	cts-sparse-images2-collected
dEQP-VK.sparse_resources.mipmap_sparse_residency.2d.rgba8.1024_128_1	Pass	16822	cts-sparse-images2-collected
dEQP-VK.sparse_resources.mipmap_sparse_residency.2d.rgba8.11_137_1	Pass	11292	cts-sparse-images2-collected
dEQP-VK.sparse_resources.mipmap_sparse_residency.2d.rgba8.512_256_1	Pass	16977	cts-sparse-images2-collected
dEQP-VK.sparse_resources.queue_bind.empty	Pass	8120	cts-sparse-queue151-collected
dEQP-VK.sparse_resources.queue_bind.empty_fence	Pass	7861	cts-sparse-queue151-collected
dEQP-VK.sparse_resources.queue_bind.multi_queue_signal_many	Pass	8408	cts-sparse-queue151-collected
dEQP-VK.sparse_resources.queue_bind.multi_queue_signal_one	Pass	8276	cts-sparse-queue151-collected
dEQP-VK.sparse_resources.queue_bind.multi_queue_wait_many	Pass	8189	cts-sparse-queue151-collected
dEQP-VK.sparse_resources.queue_bind.multi_queue_wait_many_signal_many	Pass	8382	cts-sparse-queue151-collected
dEQP-VK.sparse_resources.queue_bind.multi_queue_wait_many_signal_many_other	NotSupported	1328	cts-sparse-queue151-collected
dEQP-VK.sparse_resources.queue_bind.multi_queue_wait_one	Pass	8403	cts-sparse-queue151-collected
dEQP-VK.sparse_resources.queue_bind.multi_queue_wait_one_signal_one	Pass	8602	cts-sparse-queue151-collected
dEQP-VK.sparse_resources.queue_bind.multi_queue_wait_one_signal_one_other	Pass	8732	cts-sparse-queue151-collected
dEQP-VK.sparse_resources.queue_bind.no_dependency	Pass	7708	cts-sparse-queue151-collected
dEQP-VK.sparse_resources.queue_bind.no_dependency_fence	Pass	8096	cts-sparse-queue151-collected
dEQP-VK.sparse_resources.queue_bind.single_queue_signal_many	Pass	8710	cts-sparse-queue151-collected
dEQP-VK.sparse_resources.queue_bind.single_queue_signal_one	Pass	7996	cts-sparse-queue151-collected
dEQP-VK.sparse_resources.queue_bind.single_queue_wait_many	Pass	8142	cts-sparse-queue151-collected
dEQP-VK.sparse_resources.queue_bind.single_queue_wait_many_signal_many	Pass	8008	cts-sparse-queue151-collected
dEQP-VK.sparse_resources.queue_bind.single_queue_wait_one	Pass	8057	cts-sparse-queue151-collected
dEQP-VK.sparse_resources.queue_bind.single_queue_wait_one_signal_one	Pass	7769	cts-sparse-queue151-collected
dEQP-VK.sparse_resources.shader_intrinsics.2d_sparse_read.rgba8.11_37_1	Pass	32690	cts-sparse-images2-collected
dEQP-VK.sparse_resources.shader_intrinsics.2d_sparse_read.rgba8.11_37_1_nontemporal	Pass	27948	cts-sparse-images2-collected
dEQP-VK.sparse_resources.shader_intrinsics.2d_sparse_read.rgba8.128_128_1	Pass	37463	cts-sparse-images2-collected
dEQP-VK.sparse_resources.shader_intrinsics.2d_sparse_read.rgba8.503_137_1	Pass	38620	cts-sparse-images2-collected
dEQP-VK.sparse_resources.shader_intrinsics.2d_sparse_read.rgba8.512_256_1	Pass	43245	cts-sparse-images2-collected
