"batch"	"case"	"status"	"attempt"	"duration_us"	"details"
"batch-0030"	"dEQP-VK.sparse_resources.image_sparse_binding.multiple_bind_sparse_info.3d.r64i.512_256_6"	"Pass"	"1"	"1881520"	"Passed"
"batch-0030"	"dEQP-VK.sparse_resources.image_sparse_binding.multiple_bind_sparse_info.3d.r64ui.1024_128_8"	"Pass"	"1"	"1825275"	"Passed"
"batch-0030"	"dEQP-VK.sparse_resources.image_sparse_binding.multiple_bind_sparse_info.3d.r64ui.11_137_3"	"Pass"	"1"	"44377"	"Passed"
"batch-0030"	"dEQP-VK.sparse_resources.image_sparse_binding.multiple_bind_sparse_info.3d.r64ui.512_256_6"	"Pass"	"1"	"1810949"	"Passed"
"batch-0030"	"dEQP-VK.sparse_resources.image_sparse_binding.multiple_bind_sparse_info.3d.r8.1024_128_8"	"Pass"	"1"	"416721"	"Passed"
"batch-0030"	"dEQP-VK.sparse_resources.image_sparse_binding.multiple_bind_sparse_info.3d.r8.11_137_3"	"Pass"	"1"	"23709"	"Passed"
"batch-0030"	"dEQP-VK.sparse_resources.image_sparse_binding.multiple_bind_sparse_info.3d.r8.512_256_6"	"Pass"	"1"	"407021"	"Passed"
"batch-0030"	"dEQP-VK.sparse_resources.image_sparse_binding.multiple_bind_sparse_info.3d.r8_snorm.1024_128_8"	"Pass"	"1"	"417832"	"Passed"
"batch-0030"	"dEQP-VK.sparse_resources.image_sparse_binding.multiple_bind_sparse_info.3d.r8_snorm.11_137_3"	"Pass"	"1"	"24926"	"Passed"
"batch-0030"	"dEQP-VK.sparse_resources.image_sparse_binding.multiple_bind_sparse_info.3d.r8_snorm.512_256_6"	"Pass"	"1"	"410181"	"Passed"
"batch-0030"	"dEQP-VK.sparse_resources.image_sparse_binding.multiple_bind_sparse_info.3d.r8i.1024_128_8"	"Pass"	"1"	"432856"	"Passed"
"batch-0030"	"dEQP-VK.sparse_resources.image_sparse_binding.multiple_bind_sparse_info.3d.r8i.11_137_3"	"Pass"	"1"	"23170"	"Passed"
"batch-0030"	"dEQP-VK.sparse_resources.image_sparse_binding.multiple_bind_sparse_info.3d.r8i.512_256_6"	"Pass"	"1"	"425986"	"Passed"
"batch-0030"	"dEQP-VK.sparse_resources.image_sparse_binding.multiple_bind_sparse_info.3d.r8ui.1024_128_8"	"Pass"	"1"	"434267"	"Passed"
"batch-0030"	"dEQP-VK.sparse_resources.image_sparse_binding.multiple_bind_sparse_info.3d.r8ui.11_137_3"	"Pass"	"1"	"23700"	"Passed"
"batch-0030"	"dEQP-VK.sparse_resources.image_sparse_binding.multiple_bind_sparse_info.3d.r8ui.512_256_6"	"Pass"	"1"	"409426"	"Passed"
"batch-0030"	"dEQP-VK.sparse_resources.image_sparse_binding.multiple_bind_sparse_info.3d.rg16.1024_128_8"	"Pass"	"1"	"888671"	"Passed"
"batch-0030"	"dEQP-VK.sparse_resources.image_sparse_binding.multiple_bind_sparse_info.3d.rg16.11_137_3"	"Pass"	"1"	"27759"	"Passed"
"batch-0030"	"dEQP-VK.sparse_resources.image_sparse_binding.multiple_bind_sparse_info.3d.rg16.512_256_6"	"Pass"	"1"	"846127"	"Passed"
"batch-0030"	"dEQP-VK.sparse_resources.image_sparse_binding.multiple_bind_sparse_info.3d.rg16_snorm.1024_128_8"	"Pass"	"1"	"914602"	"Passed"
"batch-0030"	"dEQP-VK.sparse_resources.image_sparse_binding.multiple_bind_sparse_info.3d.rg16_snorm.11_137_3"	"Pass"	"1"	"27481"	"Passed"
"batch-0030"	"dEQP-VK.sparse_resources.image_sparse_binding.multiple_bind_sparse_info.3d.rg16_snorm.512_256_6"	"Pass"	"1"	"856145"	"Passed"
"batch-0030"	"dEQP-VK.sparse_resources.image_sparse_binding.multiple_bind_sparse_info.3d.rg16i.1024_128_8"	"Pass"	"1"	"879740"	"Passed"
"batch-0030"	"dEQP-VK.sparse_resources.image_sparse_binding.multiple_bind_sparse_info.3d.rg16i.11_137_3"	"Pass"	"1"	"27767"	"Passed"
"batch-0030"	"dEQP-VK.sparse_resources.image_sparse_binding.multiple_bind_sparse_info.3d.rg16i.512_256_6"	"Pass"	"1"	"847231"	"Passed"
"batch-0030"	"dEQP-VK.sparse_resources.image_sparse_binding.multiple_bind_sparse_info.3d.rg16ui.1024_128_8"	"Pass"	"1"	"880492"	"Passed"
"batch-0030"	"dEQP-VK.sparse_resources.image_sparse_binding.multiple_bind_sparse_info.3d.rg16ui.11_137_3"	"Pass"	"1"	"28765"	"Passed"
"batch-0030"	"dEQP-VK.sparse_resources.image_sparse_binding.multiple_bind_sparse_info.3d.rg16ui.512_256_6"	"Pass"	"1"	"848190"	"Passed"
"batch-0030"	"dEQP-VK.sparse_resources.image_sparse_binding.multiple_bind_sparse_info.3d.rg32i.1024_128_8"	"Pass"	"1"	"1864388"	"Passed"
"batch-0030"	"dEQP-VK.sparse_resources.image_sparse_binding.multiple_bind_sparse_info.3d.rg32i.11_137_3"	"Pass"	"1"	"42969"	"Passed"
"batch-0030"	"dEQP-VK.sparse_resources.image_sparse_binding.multiple_bind_sparse_info.3d.rg32i.512_256_6"	"Pass"	"1"	"1845406"	"Passed"
"batch-0030"	"dEQP-VK.sparse_resources.image_sparse_binding.multiple_bind_sparse_info.3d.rg32ui.1024_128_8"	"Pass"	"1"	"1820921"	"Passed"
"batch-0030"	"dEQP-VK.sparse_resources.image_sparse_binding.multiple_bind_sparse_info.3d.rg32ui.11_137_3"	"Pass"	"1"	"44227"	"Passed"
"batch-0030"	"dEQP-VK.sparse_resources.image_sparse_binding.multiple_bind_sparse_info.3d.rg32ui.512_256_6"	"Pass"	"1"	"1850796"	"Passed"
"batch-0030"	"dEQP-VK.sparse_resources.image_sparse_binding.multiple_bind_sparse_info.3d.rg8.1024_128_8"	"Pass"	"1"	"841828"	"Passed"
"batch-0030"	"dEQP-VK.sparse_resources.image_sparse_binding.multiple_bind_sparse_info.3d.rg8.11_137_3"	"Pass"	"1"	"29159"	"Passed"
"batch-0030"	"dEQP-VK.sparse_resources.image_sparse_binding.multiple_bind_sparse_info.3d.rg8.512_256_6"	"Pass"	"1"	"875313"	"Passed"
"batch-0030"	"dEQP-VK.sparse_resources.image_sparse_binding.multiple_bind_sparse_info.3d.rg8_snorm.1024_128_8"	"Pass"	"1"	"845725"	"Passed"
"batch-0030"	"dEQP-VK.sparse_resources.image_sparse_binding.multiple_bind_sparse_info.3d.rg8_snorm.11_137_3"	"Pass"	"1"	"27496"	"Passed"
"batch-0030"	"dEQP-VK.sparse_resources.image_sparse_binding.multiple_bind_sparse_info.3d.rg8_snorm.512_256_6"	"Pass"	"1"	"827908"	"Passed"
"batch-0030"	"dEQP-VK.sparse_resources.image_sparse_binding.multiple_bind_sparse_info.3d.rg8i.1024_128_8"	"Pass"	"1"	"839218"	"Passed"
"batch-0030"	"dEQP-VK.sparse_resources.image_sparse_binding.multiple_bind_sparse_info.3d.rg8i.11_137_3"	"Pass"	"1"	"28894"	"Passed"
"batch-0030"	"dEQP-VK.sparse_resources.image_sparse_binding.multiple_bind_sparse_info.3d.rg8i.512_256_6"	"Pass"	"1"	"827627"	"Passed"
"batch-0030"	"dEQP-VK.sparse_resources.image_sparse_binding.multiple_bind_sparse_info.3d.rg8ui.1024_128_8"	"Pass"	"1"	"854699"	"Passed"
"batch-0030"	"dEQP-VK.sparse_resources.image_sparse_binding.multiple_bind_sparse_info.3d.rg8ui.11_137_3"	"Pass"	"1"	"28543"	"Passed"
"batch-0030"	"dEQP-VK.sparse_resources.image_sparse_binding.multiple_bind_sparse_info.3d.rg8ui.512_256_6"	"Pass"	"1"	"816659"	"Passed"
"batch-0030"	"dEQP-VK.sparse_resources.image_sparse_binding.multiple_bind_sparse_info.3d.rgba16.1024_128_8"	"Pass"	"1"	"1874184"	"Passed"
"batch-0030"	"dEQP-VK.sparse_resources.image_sparse_binding.multiple_bind_sparse_info.3d.rgba16.11_137_3"	"Pass"	"1"	"43254"	"Passed"
"batch-0030"	"dEQP-VK.sparse_resources.image_sparse_binding.multiple_bind_sparse_info.3d.rgba16.512_256_6"	"Pass"	"1"	"1770092"	"Passed"
"batch-0030"	"dEQP-VK.sparse_resources.image_sparse_binding.multiple_bind_sparse_info.3d.rgba16_snorm.1024_128_8"	"Pass"	"1"	"1843502"	"Passed"
"batch-0030"	"dEQP-VK.sparse_resources.image_sparse_binding.multiple_bind_sparse_info.3d.rgba16_snorm.11_137_3"	"Pass"	"1"	"43610"	"Passed"
"batch-0030"	"dEQP-VK.sparse_resources.image_sparse_binding.multiple_bind_sparse_info.3d.rgba16_snorm.512_256_6"	"Pass"	"1"	"1766867"	"Passed"
"batch-0030"	"dEQP-VK.sparse_resources.image_sparse_binding.multiple_bind_sparse_info.3d.rgba16i.1024_128_8"	"Pass"	"1"	"1819737"	"Passed"
"batch-0030"	"dEQP-VK.sparse_resources.image_sparse_binding.multiple_bind_sparse_info.3d.rgba16i.11_137_3"	"Pass"	"1"	"45772"	"Passed"
"batch-0030"	"dEQP-VK.sparse_resources.image_sparse_binding.multiple_bind_sparse_info.3d.rgba16i.512_256_6"	"Pass"	"1"	"1821251"	"Passed"
"batch-0030"	"dEQP-VK.sparse_resources.image_sparse_binding.multiple_bind_sparse_info.3d.rgba16ui.1024_128_8"	"Pass"	"1"	"2025427"	"Passed"
"batch-0030"	"dEQP-VK.sparse_resources.image_sparse_binding.multiple_bind_sparse_info.3d.rgba16ui.11_137_3"	"Pass"	"1"	"43708"	"Passed"
"batch-0030"	"dEQP-VK.sparse_resources.image_sparse_binding.multiple_bind_sparse_info.3d.rgba16ui.512_256_6"	"Pass"	"1"	"1776566"	"Passed"
"batch-0030"	"dEQP-VK.sparse_resources.image_sparse_binding.multiple_bind_sparse_info.3d.rgba32i.1024_128_8"	"Pass"	"1"	"3965767"	"Passed"
"batch-0030"	"dEQP-VK.sparse_resources.image_sparse_binding.multiple_bind_sparse_info.3d.rgba32i.11_137_3"	"Pass"	"1"	"59831"	"Passed"
"batch-0030"	"dEQP-VK.sparse_resources.image_sparse_binding.multiple_bind_sparse_info.3d.rgba32i.512_256_6"	"Pass"	"1"	"4159568"	"Passed"
"batch-0030"	"dEQP-VK.sparse_resources.image_sparse_binding.multiple_bind_sparse_info.3d.rgba32ui.1024_128_8"	"Pass"	"1"	"3999782"	"Passed"
"batch-0030"	"dEQP-VK.sparse_resources.image_sparse_binding.multiple_bind_sparse_info.3d.rgba32ui.11_137_3"	"Pass"	"1"	"58027"	"Passed"
"batch-0030"	"dEQP-VK.sparse_resources.image_sparse_binding.multiple_bind_sparse_info.3d.rgba32ui.512_256_6"	"Pass"	"1"	"4020013"	"Passed"
"batch-0030"	"dEQP-VK.sparse_resources.image_sparse_binding.multiple_bind_sparse_info.3d.rgba8.1024_128_8"	"Pass"	"1"	"875429"	"Passed"
"batch-0030"	"dEQP-VK.sparse_resources.image_sparse_binding.multiple_bind_sparse_info.3d.rgba8.11_137_3"	"Pass"	"1"	"28702"	"Passed"
"batch-0030"	"dEQP-VK.sparse_resources.image_sparse_binding.multiple_bind_sparse_info.3d.rgba8.512_256_6"	"Pass"	"1"	"858036"	"Passed"
"batch-0030"	"dEQP-VK.sparse_resources.image_sparse_binding.multiple_bind_sparse_info.3d.rgba8_snorm.1024_128_8"	"Pass"	"1"	"871557"	"Passed"
"batch-0030"	"dEQP-VK.sparse_resources.image_sparse_binding.multiple_bind_sparse_info.3d.rgba8_snorm.11_137_3"	"Pass"	"1"	"27192"	"Passed"
"batch-0030"	"dEQP-VK.sparse_resources.image_sparse_binding.multiple_bind_sparse_info.3d.rgba8_snorm.512_256_6"	"Pass"	"1"	"848935"	"Passed"
"batch-0030"	"dEQP-VK.sparse_resources.image_sparse_binding.multiple_bind_sparse_info.3d.rgba8i.1024_128_8"	"Pass"	"1"	"901924"	"Passed"
"batch-0030"	"dEQP-VK.sparse_resources.image_sparse_binding.multiple_bind_sparse_info.3d.rgba8i.11_137_3"	"Pass"	"1"	"31578"	"Passed"
"batch-0030"	"dEQP-VK.sparse_resources.image_sparse_binding.multiple_bind_sparse_info.3d.rgba8i.512_256_6"	"Pass"	"1"	"851442"	"Passed"
"batch-0030"	"dEQP-VK.sparse_resources.image_sparse_binding.multiple_bind_sparse_info.3d.rgba8ui.1024_128_8"	"Pass"	"1"	"948329"	"Passed"
"batch-0030"	"dEQP-VK.sparse_resources.image_sparse_binding.multiple_bind_sparse_info.3d.rgba8ui.11_137_3"	"Pass"	"1"	"28076"	"Passed"
"batch-0030"	"dEQP-VK.sparse_resources.image_sparse_binding.multiple_bind_sparse_info.3d.rgba8ui.512_256_6"	"Pass"	"1"	"891886"	"Passed"
"batch-0030"	"dEQP-VK.sparse_resources.image_sparse_binding.multiple_bind_sparse_info.cube.a8_unorm.128_128_1"	"Pass"	"1"	"34494"	"Passed"
"batch-0030"	"dEQP-VK.sparse_resources.image_sparse_binding.multiple_bind_sparse_info.cube.a8_unorm.137_137_1"	"Pass"	"1"	"64765"	"Passed"
"batch-0030"	"dEQP-VK.sparse_resources.image_sparse_binding.multiple_bind_sparse_info.cube.a8_unorm.256_256_1"	"Pass"	"1"	"27124"	"Passed"
"batch-0030"	"dEQP-VK.sparse_resources.image_sparse_binding.multiple_bind_sparse_info.cube.r16.128_128_1"	"Pass"	"1"	"21414"	"Passed"
"batch-0030"	"dEQP-VK.sparse_resources.image_sparse_binding.multiple_bind_sparse_info.cube.r16.137_137_1"	"Pass"	"1"	"101660"	"Passed"
"batch-0030"	"dEQP-VK.sparse_resources.image_sparse_binding.multiple_bind_sparse_info.cube.r16.256_256_1"	"Pass"	"1"	"41041"	"Passed"
"batch-0030"	"dEQP-VK.sparse_resources.image_sparse_binding.multiple_bind_sparse_info.cube.r16_snorm.128_128_1"	"Pass"	"1"	"20374"	"Passed"
"batch-0030"	"dEQP-VK.sparse_resources.image_sparse_binding.multiple_bind_sparse_info.cube.r16_snorm.137_137_1"	"Pass"	"1"	"97299"	"Passed"
"batch-0030"	"dEQP-VK.sparse_resources.image_sparse_binding.multiple_bind_sparse_info.cube.r16_snorm.256_256_1"	"Pass"	"1"	"40861"	"Passed"
"batch-0030"	"dEQP-VK.sparse_resources.image_sparse_binding.multiple_bind_sparse_info.cube.r16i.128_128_1"	"Pass"	"1"	"20749"	"Passed"
"batch-0030"	"dEQP-VK.sparse_resources.image_sparse_binding.multiple_bind_sparse_info.cube.r16i.137_137_1"	"Pass"	"1"	"97973"	"Passed"
"batch-0030"	"dEQP-VK.sparse_resources.image_sparse_binding.multiple_bind_sparse_info.cube.r16i.256_256_1"	"Pass"	"1"	"40922"	"Passed"
"batch-0030"	"dEQP-VK.sparse_resources.image_sparse_binding.multiple_bind_sparse_info.cube.r16ui.128_128_1"	"Pass"	"1"	"18847"	"Passed"
"batch-0030"	"dEQP-VK.sparse_resources.image_sparse_binding.multiple_bind_sparse_info.cube.r16ui.137_137_1"	"Pass"	"1"	"96904"	"Passed"
"batch-0030"	"dEQP-VK.sparse_resources.image_sparse_binding.multiple_bind_sparse_info.cube.r16ui.256_256_1"	"Pass"	"1"	"42309"	"Passed"
"batch-0030"	"dEQP-VK.sparse_resources.image_sparse_binding.multiple_bind_sparse_info.cube.r32i.128_128_1"	"Pass"	"1"	"28268"	"Passed"
"batch-0030"	"dEQP-VK.sparse_resources.image_sparse_binding.multiple_bind_sparse_info.cube.r32i.137_137_1"	"Pass"	"1"	"155691"	"Passed"
"batch-0030"	"dEQP-VK.sparse_resources.image_sparse_binding.multiple_bind_sparse_info.cube.r32i.256_256_1"	"Pass"	"1"	"64420"	"Passed"
"batch-0030"	"dEQP-VK.sparse_resources.image_sparse_binding.multiple_bind_sparse_info.cube.r32ui.128_128_1"	"Pass"	"1"	"28397"	"Passed"
"batch-0030"	"dEQP-VK.sparse_resources.image_sparse_binding.multiple_bind_sparse_info.cube.r32ui.137_137_1"	"Pass"	"1"	"153576"	"Passed"
"batch-0030"	"dEQP-VK.sparse_resources.image_sparse_binding.multiple_bind_sparse_info.cube.r32ui.256_256_1"	"Pass"	"1"	"64706"	"Passed"
"batch-0030"	"dEQP-VK.sparse_resources.image_sparse_binding.multiple_bind_sparse_info.cube.r64i.128_128_1"	"Pass"	"1"	"40346"	"Passed"
"batch-0030"	"dEQP-VK.sparse_resources.image_sparse_binding.multiple_bind_sparse_info.cube.r64i.137_137_1"	"Pass"	"1"	"265127"	"Passed"
"batch-0030"	"dEQP-VK.sparse_resources.image_sparse_binding.multiple_bind_sparse_info.cube.r64i.256_256_1"	"Pass"	"1"	"115438"	"Passed"
"batch-0030"	"dEQP-VK.sparse_resources.image_sparse_binding.multiple_bind_sparse_info.cube.r64ui.128_128_1"	"Pass"	"1"	"40826"	"Passed"
"batch-0030"	"dEQP-VK.sparse_resources.image_sparse_binding.multiple_bind_sparse_info.cube.r64ui.137_137_1"	"Pass"	"1"	"274462"	"Passed"
"batch-0030"	"dEQP-VK.sparse_resources.image_sparse_binding.multiple_bind_sparse_info.cube.r64ui.256_256_1"	"Pass"	"1"	"120346"	"Passed"
"batch-0030"	"dEQP-VK.sparse_resources.image_sparse_binding.multiple_bind_sparse_info.cube.r8.128_128_1"	"Pass"	"1"	"36861"	"Passed"
"batch-0030"	"dEQP-VK.sparse_resources.image_sparse_binding.multiple_bind_sparse_info.cube.r8.137_137_1"	"Pass"	"1"	"70942"	"Passed"
