frame,simulation_step_s,cpu_update_submit_present_ms
1,0.016666667,45.617100000
2,0.016666667,36.807700000
3,0.016666667,29.623200000
4,0.016666667,32.815900000
5,0.016666667,43.954900000
6,0.016666667,43.695100000
7,0.016666667,32.718700000
8,0.016666667,47.918400000
9,0.016666667,37.172400000
10,0.016666667,23.405000000
11,0.016666667,74.434700000
12,0.016666667,49.743300000
13,0.016666667,40.670900000
14,0.016666667,63.585800000
15,0.016666667,58.550800000
16,0.016666667,33.738500000
17,0.016666667,36.602800000
18,0.016666667,33.431700000
19,0.016666667,44.935800000
20,0.016666667,59.408200000
21,0.016666667,58.387600000
22,0.016666667,33.416000000
23,0.016666667,75.714700000
24,0.016666667,45.499000000
25,0.016666667,45.612600000
26,0.016666667,25.304400000
27,0.016666667,46.558700000
28,0.016666667,35.753400000
29,0.016666667,34.498900000
30,0.016666667,46.632200000
31,0.016666667,35.330600000
32,0.016666667,34.273500000
33,0.016666667,46.834600000
34,0.016666667,71.286800000
35,0.016666667,64.127000000
36,0.016666667,57.925100000
37,0.016666667,34.392700000
38,0.016666667,36.439000000
39,0.016666667,33.697500000
40,0.016666667,44.799600000
41,0.016666667,59.027700000
42,0.016666667,58.167800000
43,0.016666667,34.323200000
44,0.016666667,24.607300000
45,0.016666667,47.404700000
46,0.016666667,35.601900000
47,0.016666667,34.210700000
48,0.016666667,46.855000000
49,0.016666667,35.502000000
50,0.016666667,34.939500000
51,0.016666667,46.029300000
52,0.016666667,35.299200000
53,0.016666667,34.437100000
54,0.016666667,46.708300000
55,0.016666667,35.530300000
56,0.016666667,34.363700000
57,0.016666667,66.806700000
58,0.016666667,50.926500000
59,0.016666667,64.202700000
60,0.016666667,58.162400000
61,0.016666667,34.193800000
62,0.016666667,75.390100000
63,0.016666667,45.783600000
64,0.016666667,28.797300000
65,0.016666667,70.446700000
66,0.016666667,34.530400000
67,0.016666667,34.638900000
68,0.016666667,61.460800000
69,0.016666667,34.436200000
70,0.016666667,34.298700000
71,0.016666667,48.025500000
72,0.016666667,50.484900000
73,0.016666667,34.686000000
74,0.016666667,34.189700000
75,0.016666667,32.716200000
76,0.016666667,45.326700000
77,0.016666667,57.844000000
78,0.016666667,38.665400000
79,0.016666667,38.737700000
80,0.016666667,33.683700000
81,0.016666667,73.004400000
82,0.016666667,46.526800000
83,0.016666667,31.535200000
84,0.016666667,54.666500000
85,0.016666667,57.937700000
86,0.016666667,75.987500000
87,0.016666667,55.902100000
88,0.016666667,35.860000000
89,0.016666667,35.945300000
90,0.016666667,34.233200000
91,0.016666667,48.448400000
92,0.016666667,33.711000000
93,0.016666667,45.372800000
94,0.016666667,39.924100000
95,0.016666667,36.861100000
96,0.016666667,45.350600000
97,0.016666667,36.279600000
98,0.016666667,35.434700000
99,0.016666667,46.737600000
100,0.016666667,35.625200000
101,0.016666667,34.437100000
102,0.016666667,47.457400000
103,0.016666667,49.558200000
104,0.016666667,35.219700000
105,0.016666667,46.892700000
106,0.016666667,36.478000000
107,0.016666667,33.529700000
108,0.016666667,45.954600000
109,0.016666667,35.553400000
110,0.016666667,35.118600000
111,0.016666667,49.692000000
112,0.016666667,49.496900000
113,0.016666667,34.867800000
114,0.016666667,49.519500000
115,0.016666667,49.829100000
116,0.016666667,33.133300000
117,0.016666667,49.534200000
118,0.016666667,49.556500000
119,0.016666667,34.017100000
120,0.016666667,49.965000000
121,0.016666667,49.177700000
122,0.016666667,64.122800000
123,0.016666667,41.714500000
124,0.016666667,32.940600000
125,0.016666667,27.125000000
126,0.016666667,79.345100000
127,0.016666667,51.071400000
128,0.016666667,28.206300000
129,0.016666667,38.510200000
130,0.016666667,32.367100000
131,0.016666667,32.986000000
132,0.016666667,52.314000000
133,0.016666667,59.720900000
134,0.016666667,58.730200000
135,0.016666667,59.552400000
136,0.016666667,32.987400000
137,0.016666667,37.099500000
138,0.016666667,32.988000000
139,0.016666667,44.839500000
140,0.016666667,59.187000000
141,0.016666667,58.631300000
142,0.016666667,33.796300000
143,0.016666667,25.276300000
144,0.016666667,46.699800000
145,0.016666667,35.583000000
146,0.016666667,34.354700000
147,0.016666667,50.305500000
148,0.016666667,49.261100000
149,0.016666667,31.380500000
150,0.016666667,47.211900000
151,0.016666667,49.932800000
152,0.016666667,43.385100000
153,0.016666667,39.992800000
154,0.016666667,37.326500000
155,0.016666667,37.435600000
156,0.016666667,43.617600000
157,0.016666667,16.418100000
158,0.016666667,39.522800000
159,0.016666667,32.728900000
160,0.016666667,31.366900000
161,0.016666667,47.218700000
162,0.016666667,48.400300000
163,0.016666667,48.050300000
164,0.016666667,32.590800000
165,0.016666667,54.316500000
166,0.016666667,59.997300000
167,0.016666667,28.407200000
168,0.016666667,47.480100000
169,0.016666667,40.463300000
170,0.016666667,43.102700000
171,0.016666667,62.525500000
172,0.016666667,58.169600000
173,0.016666667,39.285300000
174,0.016666667,65.233900000
175,0.016666667,48.706800000
176,0.016666667,28.557900000
177,0.016666667,41.356600000
178,0.016666667,29.662200000
179,0.016666667,34.471700000
180,0.016666667,36.012600000
181,0.016666667,36.941300000
182,0.016666667,37.395600000
183,0.016666667,43.594900000
184,0.016666667,27.090200000
185,0.016666667,28.952200000
186,0.016666667,32.590600000
187,0.016666667,31.862500000
188,0.016666667,42.616300000
189,0.016666667,25.408300000
190,0.016666667,32.348300000
191,0.016666667,35.245800000
192,0.016666667,34.791600000
193,0.016666667,28.636200000
194,0.016666667,77.667700000
195,0.016666667,45.475000000
196,0.016666667,24.551300000
197,0.016666667,35.656300000
198,0.016666667,48.658200000
199,0.016666667,46.812400000
200,0.016666667,32.091900000
201,0.016666667,51.344800000
202,0.016666667,61.885700000
203,0.016666667,34.341600000
204,0.016666667,53.559900000
205,0.016666667,59.710100000
206,0.016666667,30.952000000
207,0.016666667,43.508900000
208,0.016666667,37.606600000
209,0.016666667,35.022000000
210,0.016666667,32.176500000
211,0.016666667,42.021900000
212,0.016666667,32.782400000
213,0.016666667,34.573600000
214,0.016666667,48.441300000
215,0.016666667,33.579400000
216,0.016666667,44.833300000
217,0.016666667,40.333200000
218,0.016666667,55.577900000
219,0.016666667,60.226900000
220,0.016666667,55.770400000
221,0.016666667,36.076100000
222,0.016666667,33.889400000
223,0.016666667,29.502800000
224,0.016666667,77.191800000
225,0.016666667,51.210600000
226,0.016666667,19.565500000
227,0.016666667,44.446100000
228,0.016666667,26.208300000
229,0.016666667,32.648500000
230,0.016666667,34.849600000
231,0.016666667,69.437300000
232,0.016666667,34.776000000
233,0.016666667,70.283900000
234,0.016666667,34.663200000
235,0.016666667,34.711000000
236,0.016666667,45.057900000
237,0.016666667,28.304500000
238,0.016666667,36.843700000
239,0.016666667,36.059700000
240,0.016666667,34.416100000
241,0.016666667,48.101200000
242,0.016666667,34.557400000
243,0.016666667,67.758900000
244,0.016666667,52.252700000
245,0.016666667,38.347700000
246,0.016666667,40.038100000
247,0.016666667,34.459400000
248,0.016666667,33.488300000
249,0.016666667,51.930800000
250,0.016666667,60.232400000
251,0.016666667,29.818100000
252,0.016666667,34.471200000
253,0.016666667,29.644200000
254,0.016666667,35.763600000
255,0.016666667,32.401000000
256,0.016666667,31.560500000
257,0.016666667,42.521900000
258,0.016666667,25.687300000
259,0.016666667,32.886700000
260,0.016666667,34.973900000
261,0.016666667,43.491600000
262,0.016666667,26.880900000
263,0.016666667,29.097400000
264,0.016666667,32.662100000
265,0.016666667,31.251900000
266,0.016666667,42.745600000
267,0.016666667,25.943400000
268,0.016666667,32.473600000
269,0.016666667,64.473500000
270,0.016666667,64.711300000
271,0.016666667,19.171300000
272,0.016666667,33.601000000
273,0.016666667,40.719800000
274,0.016666667,33.056400000
275,0.016666667,35.261800000
276,0.016666667,26.153200000
277,0.016666667,33.061000000
278,0.016666667,34.465000000
279,0.016666667,34.190400000
280,0.016666667,29.277900000
281,0.016666667,35.838700000
282,0.016666667,40.104800000
283,0.016666667,34.278300000
284,0.016666667,33.365800000
285,0.016666667,51.990900000
286,0.016666667,60.302200000
287,0.016666667,30.710500000
288,0.016666667,46.180800000
289,0.016666667,30.006800000
290,0.016666667,28.230800000
291,0.016666667,47.516900000
292,0.016666667,42.156800000
293,0.016666667,75.466900000
294,0.016666667,47.425000000
295,0.016666667,44.997500000
296,0.016666667,36.908600000
297,0.016666667,34.536500000
298,0.016666667,29.207300000
299,0.016666667,42.852800000
300,0.016666667,64.294200000
301,0.016666667,48.448500000
302,0.016666667,71.475900000
303,0.016666667,35.012100000
304,0.016666667,34.629700000
305,0.016666667,30.007400000
306,0.016666667,53.407800000
307,0.016666667,60.367800000
308,0.016666667,28.805800000
309,0.016666667,46.639300000
310,0.016666667,30.171700000
311,0.016666667,28.282600000
312,0.016666667,47.261500000
313,0.016666667,42.117100000
314,0.016666667,76.153900000
315,0.016666667,48.535000000
316,0.016666667,37.592200000
317,0.016666667,22.841800000
318,0.016666667,62.688600000
319,0.016666667,60.213800000
320,0.016666667,30.467700000
321,0.016666667,34.105400000
322,0.016666667,29.132900000
323,0.016666667,36.054600000
324,0.016666667,32.495300000
325,0.016666667,31.528300000
326,0.016666667,42.523300000
327,0.016666667,25.483900000
328,0.016666667,32.492000000
329,0.016666667,35.478500000
330,0.016666667,33.765800000
331,0.016666667,29.372500000
332,0.016666667,77.932500000
333,0.016666667,51.131500000
334,0.016666667,18.924300000
335,0.016666667,54.059300000
336,0.016666667,21.231900000
337,0.016666667,30.381400000
338,0.016666667,32.193600000
339,0.016666667,34.478100000
340,0.016666667,29.172800000
341,0.016666667,35.841300000
342,0.016666667,40.238400000
343,0.016666667,36.086300000
344,0.016666667,32.755600000
345,0.016666667,54.112900000
346,0.016666667,60.082600000
347,0.016666667,33.787400000
348,0.016666667,45.413600000
349,0.016666667,42.479400000
350,0.016666667,75.916300000
351,0.016666667,49.077800000
352,0.016666667,19.541200000
353,0.016666667,49.623600000
354,0.016666667,39.713800000
355,0.016666667,42.081800000
356,0.016666667,68.257600000
357,0.016666667,48.287900000
358,0.016666667,19.423500000
359,0.016666667,50.822700000
360,0.016666667,32.832400000
361,0.016666667,45.510300000
362,0.016666667,75.185000000
363,0.016666667,56.834600000
364,0.016666667,35.719800000
365,0.016666667,35.088000000
366,0.016666667,52.186800000
367,0.016666667,56.669700000
368,0.016666667,34.723800000
369,0.016666667,34.705500000
370,0.016666667,28.917400000
371,0.016666667,77.542700000
372,0.016666667,51.185200000
373,0.016666667,19.460700000
374,0.016666667,44.049100000
375,0.016666667,26.294300000
376,0.016666667,38.312100000
377,0.016666667,34.959400000
378,0.016666667,52.024900000
379,0.016666667,51.450300000
380,0.016666667,31.732900000
381,0.016666667,51.793400000
382,0.016666667,59.838900000
383,0.016666667,59.186900000
384,0.016666667,58.613100000
385,0.016666667,33.428500000
386,0.016666667,35.150900000
387,0.016666667,26.388000000
388,0.016666667,32.493400000
389,0.016666667,34.773300000
390,0.016666667,34.739600000
391,0.016666667,28.901800000
392,0.016666667,36.343200000
393,0.016666667,39.761700000
394,0.016666667,34.774200000
395,0.016666667,32.974300000
396,0.016666667,51.688200000
397,0.016666667,59.588600000
398,0.016666667,37.543500000
399,0.016666667,27.644600000
400,0.016666667,29.556900000
401,0.016666667,36.236100000
402,0.016666667,77.341400000
403,0.016666667,43.244300000
404,0.016666667,75.437200000
405,0.016666667,45.623900000
406,0.016666667,29.293500000
407,0.016666667,28.555700000
408,0.016666667,32.752300000
409,0.016666667,19.538500000
410,0.016666667,37.774600000
411,0.016666667,32.675500000
412,0.016666667,34.586100000
413,0.016666667,32.213600000
414,0.016666667,37.127000000
415,0.016666667,60.947600000
416,0.016666667,55.230000000
417,0.016666667,39.336500000
418,0.016666667,29.866500000
419,0.016666667,38.138500000
420,0.016666667,41.427200000
421,0.016666667,49.798500000
422,0.016666667,31.810300000
423,0.016666667,52.625000000
424,0.016666667,59.691900000
425,0.016666667,30.546900000
426,0.016666667,43.321600000
427,0.016666667,22.498200000
428,0.016666667,39.708500000
429,0.016666667,33.860700000
430,0.016666667,31.127300000
431,0.016666667,35.124600000
432,0.016666667,26.219500000
433,0.016666667,32.505900000
434,0.016666667,34.883900000
435,0.016666667,43.597800000
436,0.016666667,26.362800000
437,0.016666667,29.569500000
438,0.016666667,32.871300000
439,0.016666667,18.853700000
440,0.016666667,37.937700000
441,0.016666667,26.402400000
442,0.016666667,32.672000000
443,0.016666667,34.708600000
444,0.016666667,34.598900000
445,0.016666667,36.357000000
446,0.016666667,36.315100000
447,0.016666667,53.934100000
448,0.016666667,60.167000000
449,0.016666667,35.934300000
450,0.016666667,44.069700000
451,0.016666667,40.477500000
452,0.016666667,37.981600000
453,0.016666667,44.831900000
454,0.016666667,20.130200000
455,0.016666667,36.956000000
456,0.016666667,48.333900000
457,0.016666667,46.581100000
458,0.016666667,33.864300000
459,0.016666667,48.257100000
460,0.016666667,33.181300000
461,0.016666667,68.373200000
462,0.016666667,58.689200000
463,0.016666667,33.918100000
464,0.016666667,35.293800000
465,0.016666667,32.618900000
466,0.016666667,60.777900000
467,0.016666667,58.777000000
468,0.016666667,25.865200000
469,0.016666667,29.069700000
470,0.016666667,36.245600000
471,0.016666667,32.381200000
472,0.016666667,41.604000000
473,0.016666667,33.215900000
474,0.016666667,65.680500000
475,0.016666667,48.989500000
476,0.016666667,28.448400000
477,0.016666667,39.162100000
478,0.016666667,32.923200000
479,0.016666667,41.736100000
480,0.016666667,63.070200000
481,0.016666667,59.746200000
482,0.016666667,19.076700000
483,0.016666667,23.699400000
484,0.016666667,32.103800000
485,0.016666667,47.544300000
486,0.016666667,35.409500000
487,0.016666667,34.565300000
488,0.016666667,49.059000000
489,0.016666667,46.887100000
490,0.016666667,46.746400000
491,0.016666667,37.396200000
492,0.016666667,27.095900000
493,0.016666667,70.346100000
494,0.016666667,34.602600000
495,0.016666667,31.751300000
496,0.016666667,31.369900000
497,0.016666667,54.026800000
498,0.016666667,59.709900000
499,0.016666667,30.673500000
500,0.016666667,43.857200000
501,0.016666667,26.708600000
502,0.016666667,71.371000000
503,0.016666667,52.605500000
504,0.016666667,19.586100000
505,0.016666667,41.584500000
506,0.016666667,26.343500000
507,0.016666667,32.768200000
508,0.016666667,42.062100000
509,0.016666667,65.730600000
510,0.016666667,48.823400000
511,0.016666667,28.121800000
512,0.016666667,41.456700000
513,0.016666667,29.775300000
514,0.016666667,34.442200000
515,0.016666667,72.851500000
516,0.016666667,58.054300000
517,0.016666667,73.924400000
518,0.016666667,57.719300000
519,0.016666667,35.552100000
520,0.016666667,25.949900000
521,0.016666667,48.912500000
522,0.016666667,49.491300000
523,0.016666667,34.929100000
524,0.016666667,49.034100000
525,0.016666667,49.497900000
526,0.016666667,32.443500000
527,0.016666667,48.594000000
528,0.016666667,32.526400000
529,0.016666667,30.723300000
530,0.016666667,54.196500000
531,0.016666667,60.117600000
532,0.016666667,28.481900000
533,0.016666667,34.788700000
534,0.016666667,28.924000000
535,0.016666667,77.646600000
536,0.016666667,66.991800000
537,0.016666667,39.400900000
538,0.016666667,64.237700000
539,0.016666667,63.453100000
540,0.016666667,19.685400000
541,0.016666667,61.024200000
542,0.016666667,33.084600000
543,0.016666667,31.775800000
544,0.016666667,34.614800000
545,0.016666667,26.382500000
546,0.016666667,42.057600000
547,0.016666667,33.308000000
548,0.016666667,55.170800000
549,0.016666667,64.704400000
550,0.016666667,38.797600000
551,0.016666667,43.617800000
552,0.016666667,22.828500000
553,0.016666667,40.893600000
554,0.016666667,65.624800000
555,0.016666667,49.156400000
556,0.016666667,40.179400000
557,0.016666667,50.437100000
558,0.016666667,54.899400000
559,0.016666667,27.540000000
560,0.016666667,80.526500000
561,0.016666667,20.368800000
562,0.016666667,65.742200000
563,0.016666667,63.655500000
564,0.016666667,19.437400000
565,0.016666667,37.610700000
566,0.016666667,32.712900000
567,0.016666667,31.715900000
568,0.016666667,41.510800000
569,0.016666667,26.425500000
570,0.016666667,32.983800000
571,0.016666667,34.286400000
572,0.016666667,34.547000000
573,0.016666667,29.369100000
574,0.016666667,33.393900000
575,0.016666667,46.634800000
576,0.016666667,19.496500000
577,0.016666667,33.420500000
578,0.016666667,46.523100000
579,0.016666667,49.545600000
580,0.016666667,48.637300000
581,0.016666667,43.138600000
582,0.016666667,40.197700000
583,0.016666667,46.890200000
584,0.016666667,32.722500000
585,0.016666667,27.007800000
586,0.016666667,47.152200000
587,0.016666667,74.943800000
588,0.016666667,37.905300000
589,0.016666667,48.637400000
590,0.016666667,48.249000000
591,0.016666667,26.637900000
592,0.016666667,19.425000000
593,0.016666667,37.600100000
594,0.016666667,26.372400000
595,0.016666667,32.244500000
596,0.016666667,64.292300000
597,0.016666667,64.797100000
598,0.016666667,19.409100000
599,0.016666667,77.656800000
600,0.016666667,51.337200000
601,0.016666667,19.548400000
602,0.016666667,43.757000000
603,0.016666667,26.470500000
604,0.016666667,38.268400000
605,0.016666667,35.117200000
606,0.016666667,26.303500000
607,0.016666667,30.948100000
608,0.016666667,32.664500000
609,0.016666667,51.111400000
610,0.016666667,49.062400000
611,0.016666667,33.286000000
612,0.016666667,49.932200000
613,0.016666667,49.309000000
614,0.016666667,43.741200000
615,0.016666667,48.172600000
616,0.016666667,59.802700000
617,0.016666667,64.718900000
618,0.016666667,63.380400000
619,0.016666667,18.930700000
620,0.016666667,38.506100000
621,0.016666667,32.497200000
622,0.016666667,18.888600000
623,0.016666667,38.271600000
624,0.016666667,26.256600000
625,0.016666667,32.537800000
626,0.016666667,42.262700000
627,0.016666667,65.609300000
628,0.016666667,48.879600000
629,0.016666667,19.432500000
630,0.016666667,23.331400000
631,0.016666667,34.876100000
632,0.016666667,43.757000000
633,0.016666667,43.727300000
634,0.016666667,70.075800000
635,0.016666667,51.212500000
636,0.016666667,19.686600000
637,0.016666667,44.612600000
638,0.016666667,26.102300000
639,0.016666667,32.545600000
640,0.016666667,34.672400000
641,0.016666667,43.725300000
642,0.016666667,26.652100000
643,0.016666667,70.920000000
644,0.016666667,35.031100000
645,0.016666667,54.143700000
646,0.016666667,63.492900000
647,0.016666667,60.504900000
648,0.016666667,19.380100000
649,0.016666667,38.872200000
650,0.016666667,50.295000000
651,0.016666667,48.125400000
652,0.016666667,44.348800000
653,0.016666667,26.375000000
654,0.016666667,32.782900000
655,0.016666667,34.687900000
656,0.016666667,69.525000000
657,0.016666667,34.884600000
658,0.016666667,62.212700000
659,0.016666667,42.991100000
660,0.016666667,44.558700000
