frame,cpu_render_submit_ms
1,6.323300000
2,0.038900000
3,0.045300000
4,0.041700000
5,0.040600000
6,0.039300000
7,0.040300000
8,0.039900000
9,0.040100000
10,0.062400000
11,0.060300000
12,0.038700000
13,0.039000000
14,0.039200000
15,0.038400000
16,0.039500000
17,0.040800000
18,0.036700000
19,0.038700000
20,0.040500000
21,0.038000000
22,0.038400000
23,0.038700000
24,0.037300000
25,0.039900000
26,0.059700000
27,0.059300000
28,0.037800000
29,0.039700000
30,0.038200000
31,0.039100000
32,0.039100000
33,0.038200000
34,0.047800000
35,0.038900000
36,0.039500000
37,0.038200000
38,0.038000000
39,0.037100000
40,0.039200000
41,0.060300000
42,0.040500000
43,0.038600000
44,0.038500000
45,0.039500000
46,0.038200000
47,0.039300000
48,0.039800000
49,0.039200000
50,0.040000000
51,0.041300000
52,0.053400000
53,0.053900000
54,0.038500000
55,0.043100000
56,0.040000000
57,0.039800000
58,0.039200000
59,0.039200000
60,0.037500000
61,0.039900000
62,0.039400000
63,0.039100000
64,0.039600000
65,0.039300000
66,0.039300000
67,0.038300000
68,0.037700000
69,0.038400000
70,0.038700000
71,0.039900000
72,0.039700000
73,0.038700000
74,0.038200000
75,0.038700000
76,0.039200000
77,0.039100000
78,0.038800000
79,0.044300000
80,0.039700000
81,0.037700000
82,0.043700000
83,0.044200000
84,0.044800000
85,0.047500000
86,0.050900000
87,0.037700000
88,0.035800000
89,0.035100000
90,0.033100000
91,0.044800000
92,0.044900000
93,0.049900000
94,0.038100000
95,0.037800000
96,0.033600000
97,0.045100000
98,0.049800000
99,0.041500000
100,0.038900000
101,0.039600000
102,0.035400000
103,0.051100000
104,0.051800000
105,0.038900000
106,0.042200000
107,0.040400000
108,0.039500000
109,0.038800000
110,0.039200000
111,0.037300000
112,0.038900000
113,0.041500000
114,0.032300000
115,0.038200000
116,0.034000000
117,0.033300000
118,0.037700000
119,0.046500000
120,0.040100000
121,0.034900000
122,0.036000000
123,0.035900000
124,0.040500000
125,0.041600000
126,0.038600000
127,0.035800000
128,0.037600000
129,0.036000000
130,0.037600000
131,0.039400000
132,0.036100000
133,0.038700000
134,0.042300000
135,0.063800000
136,0.062000000
137,0.061500000
138,0.043600000
139,0.042900000
140,0.046100000
141,0.039100000
142,0.039400000
143,0.040000000
144,0.039100000
145,0.039600000
146,0.042100000
147,0.039800000
148,0.043300000
149,0.046100000
150,0.039200000
151,0.041900000
152,0.046600000
153,0.035800000
154,0.041900000
155,0.040000000
156,0.033800000
157,0.038000000
158,0.041200000
159,0.036800000
160,0.045200000
161,0.040000000
162,0.059200000
163,0.056600000
164,0.035400000
165,0.039300000
166,0.040100000
167,0.046900000
168,0.041100000
169,0.042000000
170,0.044700000
171,0.038900000
172,0.039200000
173,0.043300000
174,0.043200000
175,0.045700000
176,0.045800000
177,0.039900000
178,0.039700000
179,0.036600000
180,0.039500000
181,0.033900000
182,0.037900000
183,0.043300000
184,0.042400000
185,0.039500000
186,0.034600000
187,0.042400000
188,0.038800000
189,0.069000000
190,0.053600000
191,0.038800000
192,0.037800000
193,0.038000000
194,0.037600000
195,0.038300000
196,0.038300000
197,0.039000000
198,0.039600000
199,0.039600000
200,0.040200000
201,0.038000000
202,0.041400000
203,0.050500000
204,0.040000000
205,0.039500000
206,0.040200000
207,0.038000000
208,0.040700000
209,0.039400000
210,0.038700000
211,0.038600000
212,0.039600000
213,0.039000000
214,0.039300000
215,0.038000000
216,0.038300000
217,0.038700000
218,0.039000000
219,0.040000000
220,0.040300000
221,0.038700000
222,0.039100000
223,0.038900000
224,0.042600000
225,0.038200000
226,0.038300000
227,0.040200000
228,0.038800000
229,0.041000000
230,0.045400000
231,0.044700000
232,0.049000000
233,0.051600000
234,0.042800000
235,0.043700000
236,0.044400000
237,0.039700000
238,0.051200000
239,0.048500000
240,0.039300000
241,0.039500000
242,0.039100000
243,0.039400000
244,0.038200000
245,0.039900000
246,0.039800000
247,0.059100000
248,0.030300000
249,0.034000000
250,0.039300000
251,0.046400000
252,0.036900000
253,0.037300000
254,0.049300000
255,0.043500000
256,0.043300000
257,0.042500000
258,0.042200000
259,0.042000000
260,0.041200000
261,0.038300000
262,0.040500000
263,0.046500000
264,0.038000000
265,0.038300000
266,0.038700000
267,0.034300000
268,0.040800000
269,0.045100000
270,0.039600000
271,0.047900000
272,0.037800000
273,0.059800000
274,0.053500000
275,0.040300000
276,0.034700000
277,0.035200000
278,0.043000000
279,0.039400000
280,0.042700000
281,0.045600000
282,0.033300000
283,0.036700000
284,0.042900000
285,0.039700000
286,0.041300000
287,0.043700000
288,0.039100000
289,0.035800000
290,0.039100000
291,0.039800000
292,0.042600000
293,0.041700000
294,0.038100000
295,0.040100000
296,0.039800000
297,0.038500000
298,0.034900000
299,0.039900000
300,0.040100000
301,0.060900000
302,0.060900000
303,0.039100000
304,0.039900000
305,0.040500000
306,0.035900000
307,0.041500000
308,0.044200000
309,0.038700000
310,0.038100000
311,0.041900000
312,0.036600000
313,0.040100000
314,0.044100000
315,0.037600000
316,0.038300000
317,0.041500000
318,0.038500000
319,0.036800000
320,0.040100000
321,0.036500000
322,0.039800000
323,0.043800000
324,0.039200000
325,0.039500000
326,0.037500000
327,0.037600000
328,0.039900000
329,0.055700000
330,0.041000000
331,0.041400000
332,0.036500000
333,0.040100000
334,0.043300000
335,0.042700000
336,0.036300000
337,0.040300000
338,0.040000000
339,0.038600000
340,0.039100000
341,0.039400000
342,0.037300000
343,0.039000000
344,0.038600000
345,0.039700000
346,0.037800000
347,0.038600000
348,0.038800000
349,0.040000000
350,0.039300000
351,0.040300000
352,0.038600000
353,0.042200000
354,0.039200000
355,0.043100000
356,0.037900000
357,0.042600000
358,0.054400000
359,0.060100000
360,0.038700000
361,0.040700000
362,0.038800000
363,0.039100000
364,0.038200000
365,0.037700000
366,0.038000000
367,0.038700000
368,0.038800000
369,0.039200000
370,0.038600000
371,0.038300000
372,0.038100000
373,0.039200000
374,0.039400000
375,0.039300000
376,0.040600000
377,0.038000000
378,0.036000000
379,0.037000000
380,0.045700000
381,0.038900000
382,0.037300000
383,0.039100000
384,0.041000000
385,0.055100000
386,0.039900000
387,0.039400000
388,0.039300000
389,0.042200000
390,0.036600000
391,0.042300000
392,0.037500000
393,0.039300000
394,0.039200000
395,0.041200000
396,0.037400000
397,0.043900000
398,0.041400000
399,0.038300000
400,0.039700000
401,0.041400000
402,0.034100000
403,0.046300000
404,0.041800000
405,0.041300000
406,0.044600000
407,0.050000000
408,0.039200000
409,0.045100000
410,0.040400000
411,0.059200000
412,0.055200000
413,0.032700000
414,0.038300000
415,0.035700000
416,0.037800000
417,0.035300000
418,0.046900000
419,0.043700000
420,0.038300000
421,0.046500000
422,0.038400000
423,0.040300000
424,0.039200000
425,0.038100000
426,0.040100000
427,0.039200000
428,0.041400000
429,0.043000000
430,0.050100000
431,0.044700000
432,0.037000000
433,0.042900000
434,0.039300000
435,0.041400000
436,0.045300000
437,0.039800000
438,0.060400000
439,0.061000000
440,0.031000000
441,0.034300000
442,0.036200000
443,0.042500000
444,0.035000000
445,0.036400000
446,0.043700000
447,0.036900000
448,0.040200000
449,0.042500000
450,0.042000000
451,0.036300000
452,0.039200000
453,0.036200000
454,0.042400000
455,0.043600000
456,0.041600000
457,0.038900000
458,0.034600000
459,0.038900000
460,0.038300000
461,0.038800000
462,0.044800000
463,0.044900000
464,0.040500000
465,0.036100000
466,0.044200000
467,0.040700000
468,0.039900000
469,0.042900000
470,0.047500000
471,0.036100000
472,0.037600000
473,0.042300000
474,0.038300000
475,0.046300000
476,0.048700000
477,0.039600000
478,0.040800000
479,0.040800000
480,0.039900000
481,0.033400000
482,0.038300000
483,0.039800000
484,0.038700000
485,0.041200000
486,0.039200000
487,0.054800000
488,0.038400000
489,0.039900000
490,0.038700000
491,0.038300000
492,0.038900000
493,0.038600000
494,0.041100000
495,0.054500000
496,0.053800000
497,0.038600000
498,0.038700000
499,0.039100000
500,0.038500000
501,0.038500000
502,0.039100000
503,0.038500000
504,0.037500000
505,0.042700000
506,0.038600000
507,0.039100000
508,0.038600000
509,0.039100000
510,0.038200000
511,0.038700000
512,0.039600000
513,0.038300000
514,0.039200000
515,0.038300000
516,0.038300000
517,0.038600000
518,0.039500000
519,0.039100000
520,0.038700000
521,0.037100000
522,0.041000000
523,0.039600000
524,0.039400000
525,0.038400000
526,0.038600000
527,0.041400000
528,0.038500000
529,0.059800000
530,0.045500000
531,0.037700000
532,0.038500000
533,0.038900000
534,0.036800000
535,0.034800000
536,0.039500000
537,0.039600000
538,0.042600000
539,0.044800000
540,0.039800000
541,0.034300000
542,0.038500000
543,0.037400000
544,0.045000000
545,0.045000000
546,0.041200000
547,0.041100000
548,0.043100000
549,0.035000000
550,0.046900000
551,0.039200000
552,0.039000000
553,0.061100000
554,0.031800000
555,0.035800000
556,0.038600000
557,0.069600000
558,0.037000000
559,0.043200000
560,0.056300000
561,0.041000000
562,0.040100000
563,0.039400000
564,0.035900000
565,0.040600000
566,0.046100000
567,0.038800000
568,0.044900000
569,0.044500000
570,0.039200000
571,0.040300000
572,0.044900000
573,0.039500000
574,0.039700000
575,0.042100000
576,0.043400000
577,0.044700000
578,0.039700000
579,0.052900000
580,0.062900000
581,0.036100000
582,0.034400000
583,0.034200000
584,0.041100000
585,0.037900000
586,0.042500000
587,0.038500000
588,0.038300000
589,0.046400000
590,0.048900000
591,0.035400000
592,0.037300000
593,0.039200000
594,0.037700000
595,0.042900000
596,0.047300000
597,0.039900000
598,0.043800000
599,0.060500000
600,0.039500000
601,0.031000000
602,0.034000000
603,0.037100000
604,0.044300000
605,0.044200000
606,0.059700000
607,0.056000000
608,0.033200000
609,0.039700000
610,0.037200000
611,0.042200000
612,0.037100000
613,0.045500000
614,0.045000000
615,0.038800000
616,0.039500000
617,0.036400000
618,0.035200000
619,0.042600000
620,0.045300000
621,0.035900000
622,0.039300000
623,0.039300000
624,0.032500000
625,0.036700000
626,0.044100000
627,0.036400000
628,0.039700000
629,0.042100000
630,0.039000000
631,0.040000000
632,0.046200000
633,0.039100000
634,0.040100000
635,0.030900000
636,0.038900000
637,0.038600000
638,0.039200000
639,0.039500000
640,0.039200000
641,0.039200000
642,0.039100000
643,0.039200000
644,0.038700000
645,0.040300000
646,0.039900000
647,0.038400000
648,0.038500000
649,0.039300000
650,0.039900000
651,0.038500000
652,0.039500000
653,0.034400000
654,0.031900000
655,0.039300000
656,0.041200000
657,0.038800000
658,0.040300000
659,0.038300000
660,0.038000000
661,0.035100000
