time,operation,byte_offset,register,value
498.665517,r,0x3b000,mmRLC_CNTL,0x00000001
498.665518,r,0x6380,mmSDMA1_GFX_RB_CNTL,0x00841017
498.665519,w,0x6380,mmSDMA1_GFX_RB_CNTL,0x00841016
498.665520,r,0x63a8,mmSDMA1_GFX_IB_CNTL,0x00020101
498.665520,w,0x63a8,mmSDMA1_GFX_IB_CNTL,0x00020100
498.665521,r,0x622c,mmSDMA1_FREEZE,0x00000000
498.665522,w,0x622c,mmSDMA1_FREEZE,0x00000010
498.665523,r,0x622c,mmSDMA1_FREEZE,0x00000070
498.665524,r,0x6228,mmSDMA1_F32_CNTL,0x00000000
498.665524,w,0x6228,mmSDMA1_F32_CNTL,0x00000001
498.665525,r,0x61f0,mmSDMA1_CNTL,0x000400e3
498.665526,w,0x61f0,mmSDMA1_CNTL,0x000400e1
498.665531,r,0x8020,mmGRBM_SOFT_RESET,0x00000000
498.665531,w,0x8020,mmGRBM_SOFT_RESET,0x01000000
498.665532,r,0x8020,mmGRBM_SOFT_RESET,0x01000000
498.665584,w,0x8020,mmGRBM_SOFT_RESET,0x00000000
498.665585,r,0x8020,mmGRBM_SOFT_RESET,0x00000000
498.665589,r,0x3b000,mmRLC_CNTL,0x00000001
498.665590,r,0x622c,mmSDMA1_FREEZE,0x00000010
498.665591,w,0x622c,mmSDMA1_FREEZE,0x00000000
498.665592,w,0x6204,mmSDMA1_SEM_WAIT_FAIL_TIMER_CNTL,0x00000000
498.665593,r,0x6380,mmSDMA1_GFX_RB_CNTL,0x80841016
498.665593,w,0x6380,mmSDMA1_GFX_RB_CNTL,0x80841016
498.665594,w,0x638c,mmSDMA1_GFX_RB_RPTR,0x00000e80
498.665594,w,0x6390,mmSDMA1_GFX_RB_RPTR_HI,0x00000000
498.665595,w,0x6394,mmSDMA1_GFX_RB_WPTR,0x00000e80
498.665596,w,0x6398,mmSDMA1_GFX_RB_WPTR_HI,0x00000000
498.665596,w,0x644c,mmSDMA1_GFX_RB_WPTR_POLL_ADDR_LO,0x00401740
498.665597,w,0x6448,mmSDMA1_GFX_RB_WPTR_POLL_ADDR_HI,0x00000000
498.665598,r,0x639c,mmSDMA1_GFX_RB_WPTR_POLL_CNTL,0x00403004
498.665598,w,0x639c,mmSDMA1_GFX_RB_WPTR_POLL_CNTL,0x00403004
498.665599,w,0x63a0,mmSDMA1_GFX_RB_RPTR_ADDR_HI,0x00000000
498.665599,w,0x63a4,mmSDMA1_GFX_RB_RPTR_ADDR_LO,0x00401720
498.665600,w,0x6384,mmSDMA1_GFX_RB_BASE,0x00006620
498.665600,w,0x6388,mmSDMA1_GFX_RB_BASE_HI,0x00000000
498.665600,w,0x6454,mmSDMA1_GFX_MINOR_PTR_UPDATE,0x00000001
498.665601,w,0x6394,mmSDMA1_GFX_RB_WPTR,0x00000e80
498.665602,w,0x6398,mmSDMA1_GFX_RB_WPTR_HI,0x00000000
498.665603,r,0x63c8,mmSDMA1_GFX_DOORBELL,0x10000000
498.665603,r,0x642c,mmSDMA1_GFX_DOORBELL_OFFSET,0x00000850
498.665604,w,0x63c8,mmSDMA1_GFX_DOORBELL,0x10000000
498.665605,w,0x642c,mmSDMA1_GFX_DOORBELL_OFFSET,0x00000850
498.665606,r,0x3bc4,mmBIF_SDMA1_DOORBELL_RANGE,0x00140850
498.665606,w,0x3bc4,mmBIF_SDMA1_DOORBELL_RANGE,0x00140850
498.665607,w,0x6454,mmSDMA1_GFX_MINOR_PTR_UPDATE,0x00000000
498.665608,r,0x61f0,mmSDMA1_CNTL,0x000400e1
498.665609,w,0x61f0,mmSDMA1_CNTL,0x000400e3
498.665609,r,0x6270,mmSDMA1_UTCL1_CNTL,0xd0000793
498.665610,w,0x6270,mmSDMA1_UTCL1_CNTL,0xd0000793
498.665611,r,0x62a0,mmSDMA1_UTCL1_PAGE,0x004cec00
498.665611,w,0x62a0,mmSDMA1_UTCL1_PAGE,0x004cec00
498.665612,r,0x6228,mmSDMA1_F32_CNTL,0x00000001
498.665613,w,0x6228,mmSDMA1_F32_CNTL,0x00000000
498.665613,w,0x6380,mmSDMA1_GFX_RB_CNTL,0x80841017
498.665614,r,0x63a8,mmSDMA1_GFX_IB_CNTL,0x00020100
498.665615,w,0x63a8,mmSDMA1_GFX_IB_CNTL,0x00020101
